old_path,new_path,category,status
/expertise/,/services/,page-move,CREATED
/architecture/,/services/architecture/,page-move,CREATED
/landscape-architecture/,/services/landscape-architecture/,page-move,CREATED
/hospitality/,/services/commercial-interiors-hospitality/,page-move,CREATED
/restaurants/,/services/commercial-interiors-hospitality/,page-move,CREATED
/project-management/,/services/project-management/,page-move,CREATED
/residential-interiors/,/services/residential-interiors/,page-move,CREATED
/bim-consultancy/,/services/bim/,page-move,CREATED
/well-being-consultancy/,/services/wellbeing/,page-move,CREATED
/urban-design-masterplanning/,/services/urban-design/,page-move,CREATED
/architectural-visualization/,/services/visualization/,page-move,CREATED
/pre-acquisition-technical-due-diligence-for-property-buyers/,/services/due-diligence/,page-move,CREATED
/culture-values/,/culture/,page-move,CREATED
/join-wolfblanc/,/careers/,page-move,CREATED
/architecture-landscape/,/services/landscape-architecture/,page-move,CREATED
/architecture-bim-information-system/,/news/architecture-bim-information-system/,article-in-repo,CREATED
/renovating-an-apartment-in-stockholm-permits-costs-and-building-culture/,/news/,article-to-hub,CREATED
/architecture-in-mallorca-renovations-villas-and-what-foreign-buyers-should-know/,/news/architecture-in-mallorca-renovations-villas-and-what-foreign-buyers-should-know/,article-in-repo,CREATED
/renovating-an-apartment-in-barcelona-permits-costs-and-common-mistakes/,/news/renovating-an-apartment-in-barcelona-permits-costs-and-common-mistakes/,article-in-repo,CREATED
/buying-and-renovating-property-in-valencia-as-a-foreigner/,/news/buying-and-renovating-property-in-valencia-as-a-foreigner/,article-in-repo,CREATED
/architecture-in-thessaloniki-neighborhoods-building-stock-and-renovation-opportunities-for-buyers/,/news/architecture-in-thessaloniki-neighborhoods-building-stock-and-renovation-opportunities-for-buyers/,article-in-repo,CREATED
/architecture-in-marbella-villas-renovations-and-what-international-buyers-should-know/,/news/architecture-in-marbella-villas-renovations-and-what-international-buyers-should-know/,article-in-repo,CREATED
/stockholm-brf-renovation-board-approvals-permits-and-what-foreign-owners-get-wrong/,/news/stockholm-brf-renovation-board-approvals-permits-and-what-foreign-owners-get-wrong/,article-in-repo,CREATED
/buying-and-renovating-property-in-barcelona-as-a-foreigner-permits-costs-and-architecture/,/news/,article-to-hub,CREATED
/why-clients-asked-wolfblanc-for-eolos/,/news/,article-to-hub,CREATED
/luxury-villa-project-management-in-marbella-how-foreign-investors-control-cost-licenses-and-contractors/,/news/luxury-villa-project-management-in-marbella-how-foreign-investors-control-cost-licenses-and-contractors/,article-in-repo,CREATED
/boutique-hotel-renovation-in-spain-why-ffe-licensing-and-opening-readiness-must-be-managed-together/,/news/boutique-hotel-renovation-in-spain-why-ffe-licensing-and-opening-readiness-must-be-managed-together/,article-in-repo,CREATED
/what-nobody-tells-you-before-hiring-architecture-studio/,/news/what-nobody-tells-you-before-hiring-architecture-studio/,article-in-repo,CREATED
/story-behind-wolfblanc-instinct-precision/,/news/story-behind-wolfblanc-instinct-precision/,article-in-repo,CREATED
/architecture-spain-sweden-greece-wolfblanc-practice/,/news/architecture-spain-sweden-greece-wolfblanc-practice/,article-in-repo,CREATED
/madrid-renovation-guide-costs-permits-timeline/,/news/madrid-renovation-guide-costs-permits-timeline/,article-in-repo,CREATED
/hiring-architect-spain-greece-foreign-buyer/,/news/hiring-architect-spain-greece-foreign-buyer/,article-in-repo,CREATED
/golden-visa-greece-property-renovation-architect/,/news/,article-to-hub,CREATED
/wellbeing-by-design-architecture-health-mood/,/news/wellbeing-by-design-architecture-health-mood/,article-in-repo,CREATED
/renovation-mistakes-cost-most-to-fix/,/news/renovation-mistakes-cost-most-to-fix/,article-in-repo,CREATED
/swedish-design-thinking-southern-european-homes/,/news/swedish-design-thinking-southern-european-homes/,article-in-repo,CREATED
/cost-building-house-spain-honest-guide-2026/,/news/,article-to-hub,CREATED
/nie-nif-buy-property-spain-checklist-foreigners/,/news/,article-to-hub,CREATED
/hospitality-architecture-opening-date-studio-accountability/,/news/,article-to-hub,CREATED
/home-office-design-architecture-remote-work/,/news/,article-to-hub,CREATED
/buying-rural-property-spain-land-classification-building-rights/,/news/,article-to-hub,CREATED
/architect-interior-designer-project-manager-spain-difference/,/news/,article-to-hub,CREATED
/kitchen-renovation-spain-cost-guide-architecture/,/news/,article-to-hub,CREATED
/bathroom-renovation-spain-cost-design-guide/,/news/,article-to-hub,CREATED
/renovating-apartment-stockholm-international-buyers/,/news/,article-to-hub,CREATED
/outdoor-space-design-spain-terrace-garden-patio/,/news/,article-to-hub,CREATED
/spanish-horizontal-property-law-comunidad-foreign-owners/,/news/,article-to-hub,CREATED
/find-manage-contractor-spain-no-spanish/,/news/,article-to-hub,CREATED
/home-design-summer-year-round-living-spain-greece-sweden/,/news/home-design-summer-year-round-living-spain-greece-sweden/,article-in-repo,CREATED
/climate-responsive-architecture-spain-greece-sweden/,/news/climate-responsive-architecture-spain-greece-sweden/,article-in-repo,CREATED
/energy-efficient-homes-sweden-nordic-standard/,/news/energy-efficient-homes-sweden-nordic-standard/,article-in-repo,CREATED
/moving-to-spain-from-sweden-greece-housing-architecture/,/news/,article-to-hub,CREATED
/buying-home-sweden-foreigner-architecture-renovation/,/news/buying-home-sweden-foreigner-architecture-renovation/,article-in-repo,CREATED
/greek-island-architecture-renovation-guide/,/news/greek-island-architecture-renovation-guide/,article-in-repo,CREATED
/architecture-athens-neighborhoods-renovation-guide/,/news/architecture-athens-neighborhoods-renovation-guide/,article-in-repo,CREATED
/renovating-property-greece-foreign-buyer-guide/,/news/renovating-property-greece-foreign-buyer-guide/,article-in-repo,CREATED
/building-permits-madrid-licencia-obras-guide/,/news/,article-to-hub,CREATED
/sustainable-architecture-madrid-home-renovation/,/news/,article-to-hub,CREATED
/open-plan-living-madrid-apartments/,/news/,article-to-hub,CREATED
/commercial-hospitality-architecture-madrid/,/news/commercial-hospitality-architecture-madrid/,article-in-repo,CREATED
/second-home-spain-architecture-renovation-guide/,/news/second-home-spain-architecture-renovation-guide/,article-in-repo,CREATED
/scandinavian-interior-design-in-madrid-homes-why-nordic-principles-work-in-a-mediterranean-city/,/news/,article-to-hub,CREATED
/madrid-real-estate-investment-architecture-roi/,/news/,article-to-hub,CREATED
/buying-property-madrid-foreigner-renovation-guide/,/news/buying-property-madrid-foreigner-renovation-guide/,article-in-repo,CREATED
/renovating-historic-apartment-madrid/,/news/,article-to-hub,CREATED
/what-is-bim-architecture-renovation-project/,/news/,article-to-hub,CREATED
/architecture-light-design-brighter-home/,/news/architecture-light-design-brighter-home/,article-in-repo,CREATED
/add-terrace-extension-garden-room-europe-permits/,/news/add-terrace-extension-garden-room-europe-permits/,article-in-repo,CREATED
/building-pool-spain-greece-sweden-architecture/,/news/building-pool-spain-greece-sweden-architecture/,article-in-repo,CREATED
/dividing-property-two-units-spain-architecture/,/news/,article-to-hub,CREATED
/design-home-ages-well-accessibility-architecture/,/news/design-home-ages-well-accessibility-architecture/,article-in-repo,CREATED
/multi-generational-home-design-architecture/,/news/multi-generational-home-design-architecture/,article-in-repo,CREATED
/renovate-or-build-from-scratch-spain/,/news/,article-to-hub,CREATED
/working-with-architect-spain-process-guide/,/news/,article-to-hub,CREATED
/well-ap-certification/,/news/well-ap-certification/,article-in-repo,CREATED
/wolfblancs-approach-to-sustainability/,/news/wolfblancs-approach-to-sustainability/,article-in-repo,CREATED
/wolfblanc-euipo-trademark-registration/,/news/,article-to-hub,CREATED
/location/galicia/,/locations/galicia/,location,CREATED
/location/barcelona/,/locations/barcelona/,location,CREATED
/location/athens/,/locations/athens/,location,CREATED
/location/madrid/,/locations/madrid/,location,CREATED
/location/stockholm/,/locations/stockholm/,location,CREATED
/location/thessaloniki/,/locations/thessaloniki/,location,CREATED
/location/mallorca/,/locations/mallorca/,location,CREATED
/location/marbella/,/locations/marbella/,location,CREATED
/location/valencia/,/locations/valencia/,location,CREATED
/location/,/locations/,location-hub,CREATED
/portfolio/why-wolfblanc/,/studio/why-wolfblanc/,portfolio-page,CREATED
/portfolio/project-monitoring/,/studio/project-monitoring/,portfolio-page,CREATED
/portfolio/for-investors/,/services/for-investors/,portfolio-page,CREATED
/portfolio/for-homeowners/,/services/for-homeowners/,portfolio-page,CREATED
/portfolio/commercial-retail/,/services/commercial-interiors-hospitality/,portfolio-page,CREATED
/portfolio/second-homes-spain/,/services/villas-and-second-homes/,portfolio-page,CREATED
/portfolio/guest-area/,/contact/,portfolio-page,CREATED
/en/,/,lang-en-page,CREATED
/en/faq/,/faq/,lang-en-page,CREATED
/en/marketing-growth-manager-madrid/,/marketing-growth-manager-madrid/,lang-en-page,CREATED
/en/architects/,/architects/,lang-en-page,CREATED
/en/business-development-assistant/,/business-development-assistant/,lang-en-page,CREATED
/en/newsletter/,/newsletter/,lang-en-page,CREATED
/en/residential-architect-athens/,/residential-architect-athens/,lang-en-page,CREATED
/en/news/,/news/,lang-en-page,CREATED
/en/legal/,/legal/,lang-en-page,CREATED
/en/contact/,/contact/,lang-en-page,CREATED
/en/arquitecto-comercial-retail-madrid/,/arquitecto-comercial-retail-madrid/,lang-en-page,CREATED
/en/locations/,/locations/,lang-en-page,CREATED
/en/arquitecto-residencial-madrid/,/arquitecto-residencial-madrid/,lang-en-page,CREATED
/en/studio/,/studio/,lang-en-page,CREATED
/en/jefe-de-obra-project-manager-madrid/,/jefe-de-obra-project-manager-madrid/,lang-en-page,CREATED
/en/expertise/,/services/,lang-en-page,CREATED
/en/architecture/,/services/architecture/,lang-en-page,CREATED
/en/landscape-architecture/,/services/landscape-architecture/,lang-en-page,CREATED
/en/hospitality/,/services/commercial-interiors-hospitality/,lang-en-page,CREATED
/en/restaurants/,/services/commercial-interiors-hospitality/,lang-en-page,CREATED
/en/project-management/,/services/project-management/,lang-en-page,CREATED
/en/residential-interiors/,/services/residential-interiors/,lang-en-page,CREATED
/en/bim-consultancy/,/services/bim/,lang-en-page,CREATED
/en/well-being-consultancy/,/services/wellbeing/,lang-en-page,CREATED
/en/urban-design-masterplanning/,/services/urban-design/,lang-en-page,CREATED
/en/architectural-visualization/,/services/visualization/,lang-en-page,CREATED
/en/pre-acquisition-technical-due-diligence-for-property-buyers/,/services/due-diligence/,lang-en-page,CREATED
/en/culture-values/,/culture/,lang-en-page,CREATED
/en/join-wolfblanc/,/careers/,lang-en-page,CREATED
/en/architecture-landscape/,/services/landscape-architecture/,lang-en-page,CREATED
/en/architecture-bim-information-system/,/news/architecture-bim-information-system/,lang-en-article,CREATED
/en/renovating-an-apartment-in-stockholm-permits-costs-and-building-culture/,/news/,lang-en-article,CREATED
/en/architecture-in-mallorca-renovations-villas-and-what-foreign-buyers-should-know/,/news/architecture-in-mallorca-renovations-villas-and-what-foreign-buyers-should-know/,lang-en-article,CREATED
/en/renovating-an-apartment-in-barcelona-permits-costs-and-common-mistakes/,/news/renovating-an-apartment-in-barcelona-permits-costs-and-common-mistakes/,lang-en-article,CREATED
/en/buying-and-renovating-property-in-valencia-as-a-foreigner/,/news/buying-and-renovating-property-in-valencia-as-a-foreigner/,lang-en-article,CREATED
/en/architecture-in-thessaloniki-neighborhoods-building-stock-and-renovation-opportunities-for-buyers/,/news/architecture-in-thessaloniki-neighborhoods-building-stock-and-renovation-opportunities-for-buyers/,lang-en-article,CREATED
/en/architecture-in-marbella-villas-renovations-and-what-international-buyers-should-know/,/news/architecture-in-marbella-villas-renovations-and-what-international-buyers-should-know/,lang-en-article,CREATED
/en/stockholm-brf-renovation-board-approvals-permits-and-what-foreign-owners-get-wrong/,/news/stockholm-brf-renovation-board-approvals-permits-and-what-foreign-owners-get-wrong/,lang-en-article,CREATED
/en/buying-and-renovating-property-in-barcelona-as-a-foreigner-permits-costs-and-architecture/,/news/,lang-en-article,CREATED
/en/why-clients-asked-wolfblanc-for-eolos/,/news/,lang-en-article,CREATED
/en/luxury-villa-project-management-in-marbella-how-foreign-investors-control-cost-licenses-and-contractors/,/news/luxury-villa-project-management-in-marbella-how-foreign-investors-control-cost-licenses-and-contractors/,lang-en-article,CREATED
/en/boutique-hotel-renovation-in-spain-why-ffe-licensing-and-opening-readiness-must-be-managed-together/,/news/boutique-hotel-renovation-in-spain-why-ffe-licensing-and-opening-readiness-must-be-managed-together/,lang-en-article,CREATED
/en/what-nobody-tells-you-before-hiring-architecture-studio/,/news/what-nobody-tells-you-before-hiring-architecture-studio/,lang-en-article,CREATED
/en/story-behind-wolfblanc-instinct-precision/,/news/story-behind-wolfblanc-instinct-precision/,lang-en-article,CREATED
/en/architecture-spain-sweden-greece-wolfblanc-practice/,/news/architecture-spain-sweden-greece-wolfblanc-practice/,lang-en-article,CREATED
/en/madrid-renovation-guide-costs-permits-timeline/,/news/madrid-renovation-guide-costs-permits-timeline/,lang-en-article,CREATED
/en/hiring-architect-spain-greece-foreign-buyer/,/news/hiring-architect-spain-greece-foreign-buyer/,lang-en-article,CREATED
/en/golden-visa-greece-property-renovation-architect/,/news/,lang-en-article,CREATED
/en/wellbeing-by-design-architecture-health-mood/,/news/wellbeing-by-design-architecture-health-mood/,lang-en-article,CREATED
/en/renovation-mistakes-cost-most-to-fix/,/news/renovation-mistakes-cost-most-to-fix/,lang-en-article,CREATED
/en/swedish-design-thinking-southern-european-homes/,/news/swedish-design-thinking-southern-european-homes/,lang-en-article,CREATED
/en/cost-building-house-spain-honest-guide-2026/,/news/,lang-en-article,CREATED
/en/nie-nif-buy-property-spain-checklist-foreigners/,/news/,lang-en-article,CREATED
/en/hospitality-architecture-opening-date-studio-accountability/,/news/,lang-en-article,CREATED
/en/home-office-design-architecture-remote-work/,/news/,lang-en-article,CREATED
/en/buying-rural-property-spain-land-classification-building-rights/,/news/,lang-en-article,CREATED
/en/architect-interior-designer-project-manager-spain-difference/,/news/,lang-en-article,CREATED
/en/kitchen-renovation-spain-cost-guide-architecture/,/news/,lang-en-article,CREATED
/en/bathroom-renovation-spain-cost-design-guide/,/news/,lang-en-article,CREATED
/en/renovating-apartment-stockholm-international-buyers/,/news/,lang-en-article,CREATED
/en/outdoor-space-design-spain-terrace-garden-patio/,/news/,lang-en-article,CREATED
/en/spanish-horizontal-property-law-comunidad-foreign-owners/,/news/,lang-en-article,CREATED
/en/find-manage-contractor-spain-no-spanish/,/news/,lang-en-article,CREATED
/en/home-design-summer-year-round-living-spain-greece-sweden/,/news/home-design-summer-year-round-living-spain-greece-sweden/,lang-en-article,CREATED
/en/climate-responsive-architecture-spain-greece-sweden/,/news/climate-responsive-architecture-spain-greece-sweden/,lang-en-article,CREATED
/en/energy-efficient-homes-sweden-nordic-standard/,/news/energy-efficient-homes-sweden-nordic-standard/,lang-en-article,CREATED
/en/moving-to-spain-from-sweden-greece-housing-architecture/,/news/,lang-en-article,CREATED
/en/buying-home-sweden-foreigner-architecture-renovation/,/news/buying-home-sweden-foreigner-architecture-renovation/,lang-en-article,CREATED
/en/greek-island-architecture-renovation-guide/,/news/greek-island-architecture-renovation-guide/,lang-en-article,CREATED
/en/architecture-athens-neighborhoods-renovation-guide/,/news/architecture-athens-neighborhoods-renovation-guide/,lang-en-article,CREATED
/en/renovating-property-greece-foreign-buyer-guide/,/news/renovating-property-greece-foreign-buyer-guide/,lang-en-article,CREATED
/en/building-permits-madrid-licencia-obras-guide/,/news/,lang-en-article,CREATED
/en/sustainable-architecture-madrid-home-renovation/,/news/,lang-en-article,CREATED
/en/open-plan-living-madrid-apartments/,/news/,lang-en-article,CREATED
/en/commercial-hospitality-architecture-madrid/,/news/commercial-hospitality-architecture-madrid/,lang-en-article,CREATED
/en/second-home-spain-architecture-renovation-guide/,/news/second-home-spain-architecture-renovation-guide/,lang-en-article,CREATED
/en/scandinavian-interior-design-in-madrid-homes-why-nordic-principles-work-in-a-mediterranean-city/,/news/,lang-en-article,CREATED
/en/madrid-real-estate-investment-architecture-roi/,/news/,lang-en-article,CREATED
/en/buying-property-madrid-foreigner-renovation-guide/,/news/buying-property-madrid-foreigner-renovation-guide/,lang-en-article,CREATED
/en/renovating-historic-apartment-madrid/,/news/,lang-en-article,CREATED
/en/what-is-bim-architecture-renovation-project/,/news/,lang-en-article,CREATED
/en/architecture-light-design-brighter-home/,/news/architecture-light-design-brighter-home/,lang-en-article,CREATED
/en/add-terrace-extension-garden-room-europe-permits/,/news/add-terrace-extension-garden-room-europe-permits/,lang-en-article,CREATED
/en/building-pool-spain-greece-sweden-architecture/,/news/building-pool-spain-greece-sweden-architecture/,lang-en-article,CREATED
/en/dividing-property-two-units-spain-architecture/,/news/,lang-en-article,CREATED
/en/design-home-ages-well-accessibility-architecture/,/news/design-home-ages-well-accessibility-architecture/,lang-en-article,CREATED
/en/multi-generational-home-design-architecture/,/news/multi-generational-home-design-architecture/,lang-en-article,CREATED
/en/renovate-or-build-from-scratch-spain/,/news/,lang-en-article,CREATED
/en/working-with-architect-spain-process-guide/,/news/,lang-en-article,CREATED
/en/well-ap-certification/,/news/well-ap-certification/,lang-en-article,CREATED
/en/wolfblancs-approach-to-sustainability/,/news/wolfblancs-approach-to-sustainability/,lang-en-article,CREATED
/en/wolfblanc-euipo-trademark-registration/,/news/,lang-en-article,CREATED
/en/portfolio/market-regeneration/,/portfolio/market-regeneration/,lang-en-portfolio,CREATED
/en/portfolio/horizon/,/portfolio/horizon/,lang-en-portfolio,CREATED
/en/portfolio/norrsken-office-workplace-design/,/portfolio/norrsken-office-workplace-design/,lang-en-portfolio,CREATED
/en/portfolio/lavapies-intervention/,/portfolio/lavapies-intervention/,lang-en-portfolio,CREATED
/en/portfolio/k38/,/portfolio/k38/,lang-en-portfolio,CREATED
/en/portfolio/el-pilar/,/portfolio/el-pilar/,lang-en-portfolio,CREATED
/en/portfolio/museum/,/portfolio/museum/,lang-en-portfolio,CREATED
/en/portfolio/calderon-stadium-urban-living/,/portfolio/calderon-stadium-urban-living/,lang-en-portfolio,CREATED
/en/portfolio/edificio-salamanca/,/portfolio/edificio-salamanca/,lang-en-portfolio,CREATED
/en/portfolio/a75/,/portfolio/a75/,lang-en-portfolio,CREATED
/en/portfolio/casa-boadilla-madrid-luxury-family-residence/,/portfolio/casa-boadilla-madrid-luxury-family-residence/,lang-en-portfolio,CREATED
/en/portfolio/senior-coliving/,/portfolio/senior-coliving/,lang-en-portfolio,CREATED
/en/portfolio/bistro-dterra-cafe-restaurant-interior-design/,/portfolio/bistro-dterra-cafe-restaurant-interior-design/,lang-en-portfolio,CREATED
/en/portfolio/axis/,/portfolio/axis/,lang-en-portfolio,CREATED
/en/portfolio/plato/,/portfolio/plato/,lang-en-portfolio,CREATED
/en/portfolio/k12/,/portfolio/k12/,lang-en-portfolio,CREATED
/en/portfolio/granolita-coffee-boutique-cafe-interior-project/,/portfolio/granolita-coffee-boutique-cafe-interior-project/,lang-en-portfolio,CREATED
/en/portfolio/boutique-apartment-v1/,/portfolio/boutique-apartment-v1/,lang-en-portfolio,CREATED
/en/portfolio/urban-landscape-athens/,/portfolio/urban-landscape-athens/,lang-en-portfolio,CREATED
/en/portfolio/selva-boutique-luxury-design/,/portfolio/selva-boutique-luxury-design/,lang-en-portfolio,CREATED
/en/portfolio/why-wolfblanc/,/studio/why-wolfblanc/,lang-en-portfolio-page,CREATED
/en/portfolio/project-monitoring/,/studio/project-monitoring/,lang-en-portfolio-page,CREATED
/en/portfolio/for-investors/,/services/for-investors/,lang-en-portfolio-page,CREATED
/en/portfolio/for-homeowners/,/services/for-homeowners/,lang-en-portfolio-page,CREATED
/en/portfolio/commercial-retail/,/services/commercial-interiors-hospitality/,lang-en-portfolio-page,CREATED
/en/portfolio/second-homes-spain/,/services/villas-and-second-homes/,lang-en-portfolio-page,CREATED
/en/portfolio/guest-area/,/contact/,lang-en-portfolio-page,CREATED
/en/portfolio/,/portfolio/,lang-en-portfolio-hub,CREATED
/en/location/galicia/,/locations/galicia/,lang-en-location,CREATED
/en/location/barcelona/,/locations/barcelona/,lang-en-location,CREATED
/en/location/athens/,/locations/athens/,lang-en-location,CREATED
/en/location/madrid/,/locations/madrid/,lang-en-location,CREATED
/en/location/stockholm/,/locations/stockholm/,lang-en-location,CREATED
/en/location/thessaloniki/,/locations/thessaloniki/,lang-en-location,CREATED
/en/location/mallorca/,/locations/mallorca/,lang-en-location,CREATED
/en/location/marbella/,/locations/marbella/,lang-en-location,CREATED
/en/location/valencia/,/locations/valencia/,lang-en-location,CREATED
/en/location/,/locations/,lang-en-location-hub,CREATED
/en/locations/,/locations/,lang-en-locations,SKIPPED-exists
/en/services/,/services/,lang-en-services,CREATED
/en/expertise/,/services/,lang-en-services,SKIPPED-exists
/en/news/,/news/,lang-en-news,SKIPPED-exists
/es/,/,lang-es-page,CREATED
/es/faq/,/faq/,lang-es-page,CREATED
/es/marketing-growth-manager-madrid/,/marketing-growth-manager-madrid/,lang-es-page,CREATED
/es/architects/,/architects/,lang-es-page,CREATED
/es/business-development-assistant/,/business-development-assistant/,lang-es-page,CREATED
/es/newsletter/,/newsletter/,lang-es-page,CREATED
/es/residential-architect-athens/,/residential-architect-athens/,lang-es-page,CREATED
/es/news/,/news/,lang-es-page,CREATED
/es/legal/,/legal/,lang-es-page,CREATED
/es/contact/,/contact/,lang-es-page,CREATED
/es/arquitecto-comercial-retail-madrid/,/arquitecto-comercial-retail-madrid/,lang-es-page,CREATED
/es/locations/,/locations/,lang-es-page,CREATED
/es/arquitecto-residencial-madrid/,/arquitecto-residencial-madrid/,lang-es-page,CREATED
/es/studio/,/studio/,lang-es-page,CREATED
/es/jefe-de-obra-project-manager-madrid/,/jefe-de-obra-project-manager-madrid/,lang-es-page,CREATED
/es/expertise/,/services/,lang-es-page,CREATED
/es/architecture/,/services/architecture/,lang-es-page,CREATED
/es/landscape-architecture/,/services/landscape-architecture/,lang-es-page,CREATED
/es/hospitality/,/services/commercial-interiors-hospitality/,lang-es-page,CREATED
/es/restaurants/,/services/commercial-interiors-hospitality/,lang-es-page,CREATED
/es/project-management/,/services/project-management/,lang-es-page,CREATED
/es/residential-interiors/,/services/residential-interiors/,lang-es-page,CREATED
/es/bim-consultancy/,/services/bim/,lang-es-page,CREATED
/es/well-being-consultancy/,/services/wellbeing/,lang-es-page,CREATED
/es/urban-design-masterplanning/,/services/urban-design/,lang-es-page,CREATED
/es/architectural-visualization/,/services/visualization/,lang-es-page,CREATED
/es/pre-acquisition-technical-due-diligence-for-property-buyers/,/services/due-diligence/,lang-es-page,CREATED
/es/culture-values/,/culture/,lang-es-page,CREATED
/es/join-wolfblanc/,/careers/,lang-es-page,CREATED
/es/architecture-landscape/,/services/landscape-architecture/,lang-es-page,CREATED
/es/architecture-bim-information-system/,/news/architecture-bim-information-system/,lang-es-article,CREATED
/es/renovating-an-apartment-in-stockholm-permits-costs-and-building-culture/,/news/,lang-es-article,CREATED
/es/architecture-in-mallorca-renovations-villas-and-what-foreign-buyers-should-know/,/news/architecture-in-mallorca-renovations-villas-and-what-foreign-buyers-should-know/,lang-es-article,CREATED
/es/renovating-an-apartment-in-barcelona-permits-costs-and-common-mistakes/,/news/renovating-an-apartment-in-barcelona-permits-costs-and-common-mistakes/,lang-es-article,CREATED
/es/buying-and-renovating-property-in-valencia-as-a-foreigner/,/news/buying-and-renovating-property-in-valencia-as-a-foreigner/,lang-es-article,CREATED
/es/architecture-in-thessaloniki-neighborhoods-building-stock-and-renovation-opportunities-for-buyers/,/news/architecture-in-thessaloniki-neighborhoods-building-stock-and-renovation-opportunities-for-buyers/,lang-es-article,CREATED
/es/architecture-in-marbella-villas-renovations-and-what-international-buyers-should-know/,/news/architecture-in-marbella-villas-renovations-and-what-international-buyers-should-know/,lang-es-article,CREATED
/es/stockholm-brf-renovation-board-approvals-permits-and-what-foreign-owners-get-wrong/,/news/stockholm-brf-renovation-board-approvals-permits-and-what-foreign-owners-get-wrong/,lang-es-article,CREATED
/es/buying-and-renovating-property-in-barcelona-as-a-foreigner-permits-costs-and-architecture/,/news/,lang-es-article,CREATED
/es/why-clients-asked-wolfblanc-for-eolos/,/news/,lang-es-article,CREATED
/es/luxury-villa-project-management-in-marbella-how-foreign-investors-control-cost-licenses-and-contractors/,/news/luxury-villa-project-management-in-marbella-how-foreign-investors-control-cost-licenses-and-contractors/,lang-es-article,CREATED
/es/boutique-hotel-renovation-in-spain-why-ffe-licensing-and-opening-readiness-must-be-managed-together/,/news/boutique-hotel-renovation-in-spain-why-ffe-licensing-and-opening-readiness-must-be-managed-together/,lang-es-article,CREATED
/es/what-nobody-tells-you-before-hiring-architecture-studio/,/news/what-nobody-tells-you-before-hiring-architecture-studio/,lang-es-article,CREATED
/es/story-behind-wolfblanc-instinct-precision/,/news/story-behind-wolfblanc-instinct-precision/,lang-es-article,CREATED
/es/architecture-spain-sweden-greece-wolfblanc-practice/,/news/architecture-spain-sweden-greece-wolfblanc-practice/,lang-es-article,CREATED
/es/madrid-renovation-guide-costs-permits-timeline/,/news/madrid-renovation-guide-costs-permits-timeline/,lang-es-article,CREATED
/es/hiring-architect-spain-greece-foreign-buyer/,/news/hiring-architect-spain-greece-foreign-buyer/,lang-es-article,CREATED
/es/golden-visa-greece-property-renovation-architect/,/news/,lang-es-article,CREATED
/es/wellbeing-by-design-architecture-health-mood/,/news/wellbeing-by-design-architecture-health-mood/,lang-es-article,CREATED
/es/renovation-mistakes-cost-most-to-fix/,/news/renovation-mistakes-cost-most-to-fix/,lang-es-article,CREATED
/es/swedish-design-thinking-southern-european-homes/,/news/swedish-design-thinking-southern-european-homes/,lang-es-article,CREATED
/es/cost-building-house-spain-honest-guide-2026/,/news/,lang-es-article,CREATED
/es/nie-nif-buy-property-spain-checklist-foreigners/,/news/,lang-es-article,CREATED
/es/hospitality-architecture-opening-date-studio-accountability/,/news/,lang-es-article,CREATED
/es/home-office-design-architecture-remote-work/,/news/,lang-es-article,CREATED
/es/buying-rural-property-spain-land-classification-building-rights/,/news/,lang-es-article,CREATED
/es/architect-interior-designer-project-manager-spain-difference/,/news/,lang-es-article,CREATED
/es/kitchen-renovation-spain-cost-guide-architecture/,/news/,lang-es-article,CREATED
/es/bathroom-renovation-spain-cost-design-guide/,/news/,lang-es-article,CREATED
/es/renovating-apartment-stockholm-international-buyers/,/news/,lang-es-article,CREATED
/es/outdoor-space-design-spain-terrace-garden-patio/,/news/,lang-es-article,CREATED
/es/spanish-horizontal-property-law-comunidad-foreign-owners/,/news/,lang-es-article,CREATED
/es/find-manage-contractor-spain-no-spanish/,/news/,lang-es-article,CREATED
/es/home-design-summer-year-round-living-spain-greece-sweden/,/news/home-design-summer-year-round-living-spain-greece-sweden/,lang-es-article,CREATED
/es/climate-responsive-architecture-spain-greece-sweden/,/news/climate-responsive-architecture-spain-greece-sweden/,lang-es-article,CREATED
/es/energy-efficient-homes-sweden-nordic-standard/,/news/energy-efficient-homes-sweden-nordic-standard/,lang-es-article,CREATED
/es/moving-to-spain-from-sweden-greece-housing-architecture/,/news/,lang-es-article,CREATED
/es/buying-home-sweden-foreigner-architecture-renovation/,/news/buying-home-sweden-foreigner-architecture-renovation/,lang-es-article,CREATED
/es/greek-island-architecture-renovation-guide/,/news/greek-island-architecture-renovation-guide/,lang-es-article,CREATED
/es/architecture-athens-neighborhoods-renovation-guide/,/news/architecture-athens-neighborhoods-renovation-guide/,lang-es-article,CREATED
/es/renovating-property-greece-foreign-buyer-guide/,/news/renovating-property-greece-foreign-buyer-guide/,lang-es-article,CREATED
/es/building-permits-madrid-licencia-obras-guide/,/news/,lang-es-article,CREATED
/es/sustainable-architecture-madrid-home-renovation/,/news/,lang-es-article,CREATED
/es/open-plan-living-madrid-apartments/,/news/,lang-es-article,CREATED
/es/commercial-hospitality-architecture-madrid/,/news/commercial-hospitality-architecture-madrid/,lang-es-article,CREATED
/es/second-home-spain-architecture-renovation-guide/,/news/second-home-spain-architecture-renovation-guide/,lang-es-article,CREATED
/es/scandinavian-interior-design-in-madrid-homes-why-nordic-principles-work-in-a-mediterranean-city/,/news/,lang-es-article,CREATED
/es/madrid-real-estate-investment-architecture-roi/,/news/,lang-es-article,CREATED
/es/buying-property-madrid-foreigner-renovation-guide/,/news/buying-property-madrid-foreigner-renovation-guide/,lang-es-article,CREATED
/es/renovating-historic-apartment-madrid/,/news/,lang-es-article,CREATED
/es/what-is-bim-architecture-renovation-project/,/news/,lang-es-article,CREATED
/es/architecture-light-design-brighter-home/,/news/architecture-light-design-brighter-home/,lang-es-article,CREATED
/es/add-terrace-extension-garden-room-europe-permits/,/news/add-terrace-extension-garden-room-europe-permits/,lang-es-article,CREATED
/es/building-pool-spain-greece-sweden-architecture/,/news/building-pool-spain-greece-sweden-architecture/,lang-es-article,CREATED
/es/dividing-property-two-units-spain-architecture/,/news/,lang-es-article,CREATED
/es/design-home-ages-well-accessibility-architecture/,/news/design-home-ages-well-accessibility-architecture/,lang-es-article,CREATED
/es/multi-generational-home-design-architecture/,/news/multi-generational-home-design-architecture/,lang-es-article,CREATED
/es/renovate-or-build-from-scratch-spain/,/news/,lang-es-article,CREATED
/es/working-with-architect-spain-process-guide/,/news/,lang-es-article,CREATED
/es/well-ap-certification/,/news/well-ap-certification/,lang-es-article,CREATED
/es/wolfblancs-approach-to-sustainability/,/news/wolfblancs-approach-to-sustainability/,lang-es-article,CREATED
/es/wolfblanc-euipo-trademark-registration/,/news/,lang-es-article,CREATED
/es/portfolio/market-regeneration/,/portfolio/market-regeneration/,lang-es-portfolio,CREATED
/es/portfolio/horizon/,/portfolio/horizon/,lang-es-portfolio,CREATED
/es/portfolio/norrsken-office-workplace-design/,/portfolio/norrsken-office-workplace-design/,lang-es-portfolio,CREATED
/es/portfolio/lavapies-intervention/,/portfolio/lavapies-intervention/,lang-es-portfolio,CREATED
/es/portfolio/k38/,/portfolio/k38/,lang-es-portfolio,CREATED
/es/portfolio/el-pilar/,/portfolio/el-pilar/,lang-es-portfolio,CREATED
/es/portfolio/museum/,/portfolio/museum/,lang-es-portfolio,CREATED
/es/portfolio/calderon-stadium-urban-living/,/portfolio/calderon-stadium-urban-living/,lang-es-portfolio,CREATED
/es/portfolio/edificio-salamanca/,/portfolio/edificio-salamanca/,lang-es-portfolio,CREATED
/es/portfolio/a75/,/portfolio/a75/,lang-es-portfolio,CREATED
/es/portfolio/casa-boadilla-madrid-luxury-family-residence/,/portfolio/casa-boadilla-madrid-luxury-family-residence/,lang-es-portfolio,CREATED
/es/portfolio/senior-coliving/,/portfolio/senior-coliving/,lang-es-portfolio,CREATED
/es/portfolio/bistro-dterra-cafe-restaurant-interior-design/,/portfolio/bistro-dterra-cafe-restaurant-interior-design/,lang-es-portfolio,CREATED
/es/portfolio/axis/,/portfolio/axis/,lang-es-portfolio,CREATED
/es/portfolio/plato/,/portfolio/plato/,lang-es-portfolio,CREATED
/es/portfolio/k12/,/portfolio/k12/,lang-es-portfolio,CREATED
/es/portfolio/granolita-coffee-boutique-cafe-interior-project/,/portfolio/granolita-coffee-boutique-cafe-interior-project/,lang-es-portfolio,CREATED
/es/portfolio/boutique-apartment-v1/,/portfolio/boutique-apartment-v1/,lang-es-portfolio,CREATED
/es/portfolio/urban-landscape-athens/,/portfolio/urban-landscape-athens/,lang-es-portfolio,CREATED
/es/portfolio/selva-boutique-luxury-design/,/portfolio/selva-boutique-luxury-design/,lang-es-portfolio,CREATED
/es/portfolio/why-wolfblanc/,/studio/why-wolfblanc/,lang-es-portfolio-page,CREATED
/es/portfolio/project-monitoring/,/studio/project-monitoring/,lang-es-portfolio-page,CREATED
/es/portfolio/for-investors/,/services/for-investors/,lang-es-portfolio-page,CREATED
/es/portfolio/for-homeowners/,/services/for-homeowners/,lang-es-portfolio-page,CREATED
/es/portfolio/commercial-retail/,/services/commercial-interiors-hospitality/,lang-es-portfolio-page,CREATED
/es/portfolio/second-homes-spain/,/services/villas-and-second-homes/,lang-es-portfolio-page,CREATED
/es/portfolio/guest-area/,/contact/,lang-es-portfolio-page,CREATED
/es/portfolio/,/portfolio/,lang-es-portfolio-hub,CREATED
/es/location/galicia/,/locations/galicia/,lang-es-location,CREATED
/es/location/barcelona/,/locations/barcelona/,lang-es-location,CREATED
/es/location/athens/,/locations/athens/,lang-es-location,CREATED
/es/location/madrid/,/locations/madrid/,lang-es-location,CREATED
/es/location/stockholm/,/locations/stockholm/,lang-es-location,CREATED
/es/location/thessaloniki/,/locations/thessaloniki/,lang-es-location,CREATED
/es/location/mallorca/,/locations/mallorca/,lang-es-location,CREATED
/es/location/marbella/,/locations/marbella/,lang-es-location,CREATED
/es/location/valencia/,/locations/valencia/,lang-es-location,CREATED
/es/location/,/locations/,lang-es-location-hub,CREATED
/es/locations/,/locations/,lang-es-locations,SKIPPED-exists
/es/services/,/services/,lang-es-services,CREATED
/es/expertise/,/services/,lang-es-services,SKIPPED-exists
/es/news/,/news/,lang-es-news,SKIPPED-exists
/sv/,/,lang-sv-page,CREATED
/sv/faq/,/faq/,lang-sv-page,CREATED
/sv/marketing-growth-manager-madrid/,/marketing-growth-manager-madrid/,lang-sv-page,CREATED
/sv/architects/,/architects/,lang-sv-page,CREATED
/sv/business-development-assistant/,/business-development-assistant/,lang-sv-page,CREATED
/sv/newsletter/,/newsletter/,lang-sv-page,CREATED
/sv/residential-architect-athens/,/residential-architect-athens/,lang-sv-page,CREATED
/sv/news/,/news/,lang-sv-page,CREATED
/sv/legal/,/legal/,lang-sv-page,CREATED
/sv/contact/,/contact/,lang-sv-page,CREATED
/sv/arquitecto-comercial-retail-madrid/,/arquitecto-comercial-retail-madrid/,lang-sv-page,CREATED
/sv/locations/,/locations/,lang-sv-page,CREATED
/sv/arquitecto-residencial-madrid/,/arquitecto-residencial-madrid/,lang-sv-page,CREATED
/sv/studio/,/studio/,lang-sv-page,CREATED
/sv/jefe-de-obra-project-manager-madrid/,/jefe-de-obra-project-manager-madrid/,lang-sv-page,CREATED
/sv/expertise/,/services/,lang-sv-page,CREATED
/sv/architecture/,/services/architecture/,lang-sv-page,CREATED
/sv/landscape-architecture/,/services/landscape-architecture/,lang-sv-page,CREATED
/sv/hospitality/,/services/commercial-interiors-hospitality/,lang-sv-page,CREATED
/sv/restaurants/,/services/commercial-interiors-hospitality/,lang-sv-page,CREATED
/sv/project-management/,/services/project-management/,lang-sv-page,CREATED
/sv/residential-interiors/,/services/residential-interiors/,lang-sv-page,CREATED
/sv/bim-consultancy/,/services/bim/,lang-sv-page,CREATED
/sv/well-being-consultancy/,/services/wellbeing/,lang-sv-page,CREATED
/sv/urban-design-masterplanning/,/services/urban-design/,lang-sv-page,CREATED
/sv/architectural-visualization/,/services/visualization/,lang-sv-page,CREATED
/sv/pre-acquisition-technical-due-diligence-for-property-buyers/,/services/due-diligence/,lang-sv-page,CREATED
/sv/culture-values/,/culture/,lang-sv-page,CREATED
/sv/join-wolfblanc/,/careers/,lang-sv-page,CREATED
/sv/architecture-landscape/,/services/landscape-architecture/,lang-sv-page,CREATED
/sv/architecture-bim-information-system/,/news/architecture-bim-information-system/,lang-sv-article,CREATED
/sv/renovating-an-apartment-in-stockholm-permits-costs-and-building-culture/,/news/,lang-sv-article,CREATED
/sv/architecture-in-mallorca-renovations-villas-and-what-foreign-buyers-should-know/,/news/architecture-in-mallorca-renovations-villas-and-what-foreign-buyers-should-know/,lang-sv-article,CREATED
/sv/renovating-an-apartment-in-barcelona-permits-costs-and-common-mistakes/,/news/renovating-an-apartment-in-barcelona-permits-costs-and-common-mistakes/,lang-sv-article,CREATED
/sv/buying-and-renovating-property-in-valencia-as-a-foreigner/,/news/buying-and-renovating-property-in-valencia-as-a-foreigner/,lang-sv-article,CREATED
/sv/architecture-in-thessaloniki-neighborhoods-building-stock-and-renovation-opportunities-for-buyers/,/news/architecture-in-thessaloniki-neighborhoods-building-stock-and-renovation-opportunities-for-buyers/,lang-sv-article,CREATED
/sv/architecture-in-marbella-villas-renovations-and-what-international-buyers-should-know/,/news/architecture-in-marbella-villas-renovations-and-what-international-buyers-should-know/,lang-sv-article,CREATED
/sv/stockholm-brf-renovation-board-approvals-permits-and-what-foreign-owners-get-wrong/,/news/stockholm-brf-renovation-board-approvals-permits-and-what-foreign-owners-get-wrong/,lang-sv-article,CREATED
/sv/buying-and-renovating-property-in-barcelona-as-a-foreigner-permits-costs-and-architecture/,/news/,lang-sv-article,CREATED
/sv/why-clients-asked-wolfblanc-for-eolos/,/news/,lang-sv-article,CREATED
/sv/luxury-villa-project-management-in-marbella-how-foreign-investors-control-cost-licenses-and-contractors/,/news/luxury-villa-project-management-in-marbella-how-foreign-investors-control-cost-licenses-and-contractors/,lang-sv-article,CREATED
/sv/boutique-hotel-renovation-in-spain-why-ffe-licensing-and-opening-readiness-must-be-managed-together/,/news/boutique-hotel-renovation-in-spain-why-ffe-licensing-and-opening-readiness-must-be-managed-together/,lang-sv-article,CREATED
/sv/what-nobody-tells-you-before-hiring-architecture-studio/,/news/what-nobody-tells-you-before-hiring-architecture-studio/,lang-sv-article,CREATED
/sv/story-behind-wolfblanc-instinct-precision/,/news/story-behind-wolfblanc-instinct-precision/,lang-sv-article,CREATED
/sv/architecture-spain-sweden-greece-wolfblanc-practice/,/news/architecture-spain-sweden-greece-wolfblanc-practice/,lang-sv-article,CREATED
/sv/madrid-renovation-guide-costs-permits-timeline/,/news/madrid-renovation-guide-costs-permits-timeline/,lang-sv-article,CREATED
/sv/hiring-architect-spain-greece-foreign-buyer/,/news/hiring-architect-spain-greece-foreign-buyer/,lang-sv-article,CREATED
/sv/golden-visa-greece-property-renovation-architect/,/news/,lang-sv-article,CREATED
/sv/wellbeing-by-design-architecture-health-mood/,/news/wellbeing-by-design-architecture-health-mood/,lang-sv-article,CREATED
/sv/renovation-mistakes-cost-most-to-fix/,/news/renovation-mistakes-cost-most-to-fix/,lang-sv-article,CREATED
/sv/swedish-design-thinking-southern-european-homes/,/news/swedish-design-thinking-southern-european-homes/,lang-sv-article,CREATED
/sv/cost-building-house-spain-honest-guide-2026/,/news/,lang-sv-article,CREATED
/sv/nie-nif-buy-property-spain-checklist-foreigners/,/news/,lang-sv-article,CREATED
/sv/hospitality-architecture-opening-date-studio-accountability/,/news/,lang-sv-article,CREATED
/sv/home-office-design-architecture-remote-work/,/news/,lang-sv-article,CREATED
/sv/buying-rural-property-spain-land-classification-building-rights/,/news/,lang-sv-article,CREATED
/sv/architect-interior-designer-project-manager-spain-difference/,/news/,lang-sv-article,CREATED
/sv/kitchen-renovation-spain-cost-guide-architecture/,/news/,lang-sv-article,CREATED
/sv/bathroom-renovation-spain-cost-design-guide/,/news/,lang-sv-article,CREATED
/sv/renovating-apartment-stockholm-international-buyers/,/news/,lang-sv-article,CREATED
/sv/outdoor-space-design-spain-terrace-garden-patio/,/news/,lang-sv-article,CREATED
/sv/spanish-horizontal-property-law-comunidad-foreign-owners/,/news/,lang-sv-article,CREATED
/sv/find-manage-contractor-spain-no-spanish/,/news/,lang-sv-article,CREATED
/sv/home-design-summer-year-round-living-spain-greece-sweden/,/news/home-design-summer-year-round-living-spain-greece-sweden/,lang-sv-article,CREATED
/sv/climate-responsive-architecture-spain-greece-sweden/,/news/climate-responsive-architecture-spain-greece-sweden/,lang-sv-article,CREATED
/sv/energy-efficient-homes-sweden-nordic-standard/,/news/energy-efficient-homes-sweden-nordic-standard/,lang-sv-article,CREATED
/sv/moving-to-spain-from-sweden-greece-housing-architecture/,/news/,lang-sv-article,CREATED
/sv/buying-home-sweden-foreigner-architecture-renovation/,/news/buying-home-sweden-foreigner-architecture-renovation/,lang-sv-article,CREATED
/sv/greek-island-architecture-renovation-guide/,/news/greek-island-architecture-renovation-guide/,lang-sv-article,CREATED
/sv/architecture-athens-neighborhoods-renovation-guide/,/news/architecture-athens-neighborhoods-renovation-guide/,lang-sv-article,CREATED
/sv/renovating-property-greece-foreign-buyer-guide/,/news/renovating-property-greece-foreign-buyer-guide/,lang-sv-article,CREATED
/sv/building-permits-madrid-licencia-obras-guide/,/news/,lang-sv-article,CREATED
/sv/sustainable-architecture-madrid-home-renovation/,/news/,lang-sv-article,CREATED
/sv/open-plan-living-madrid-apartments/,/news/,lang-sv-article,CREATED
/sv/commercial-hospitality-architecture-madrid/,/news/commercial-hospitality-architecture-madrid/,lang-sv-article,CREATED
/sv/second-home-spain-architecture-renovation-guide/,/news/second-home-spain-architecture-renovation-guide/,lang-sv-article,CREATED
/sv/scandinavian-interior-design-in-madrid-homes-why-nordic-principles-work-in-a-mediterranean-city/,/news/,lang-sv-article,CREATED
/sv/madrid-real-estate-investment-architecture-roi/,/news/,lang-sv-article,CREATED
/sv/buying-property-madrid-foreigner-renovation-guide/,/news/buying-property-madrid-foreigner-renovation-guide/,lang-sv-article,CREATED
/sv/renovating-historic-apartment-madrid/,/news/,lang-sv-article,CREATED
/sv/what-is-bim-architecture-renovation-project/,/news/,lang-sv-article,CREATED
/sv/architecture-light-design-brighter-home/,/news/architecture-light-design-brighter-home/,lang-sv-article,CREATED
/sv/add-terrace-extension-garden-room-europe-permits/,/news/add-terrace-extension-garden-room-europe-permits/,lang-sv-article,CREATED
/sv/building-pool-spain-greece-sweden-architecture/,/news/building-pool-spain-greece-sweden-architecture/,lang-sv-article,CREATED
/sv/dividing-property-two-units-spain-architecture/,/news/,lang-sv-article,CREATED
/sv/design-home-ages-well-accessibility-architecture/,/news/design-home-ages-well-accessibility-architecture/,lang-sv-article,CREATED
/sv/multi-generational-home-design-architecture/,/news/multi-generational-home-design-architecture/,lang-sv-article,CREATED
/sv/renovate-or-build-from-scratch-spain/,/news/,lang-sv-article,CREATED
/sv/working-with-architect-spain-process-guide/,/news/,lang-sv-article,CREATED
/sv/well-ap-certification/,/news/well-ap-certification/,lang-sv-article,CREATED
/sv/wolfblancs-approach-to-sustainability/,/news/wolfblancs-approach-to-sustainability/,lang-sv-article,CREATED
/sv/wolfblanc-euipo-trademark-registration/,/news/,lang-sv-article,CREATED
/sv/portfolio/market-regeneration/,/portfolio/market-regeneration/,lang-sv-portfolio,CREATED
/sv/portfolio/horizon/,/portfolio/horizon/,lang-sv-portfolio,CREATED
/sv/portfolio/norrsken-office-workplace-design/,/portfolio/norrsken-office-workplace-design/,lang-sv-portfolio,CREATED
/sv/portfolio/lavapies-intervention/,/portfolio/lavapies-intervention/,lang-sv-portfolio,CREATED
/sv/portfolio/k38/,/portfolio/k38/,lang-sv-portfolio,CREATED
/sv/portfolio/el-pilar/,/portfolio/el-pilar/,lang-sv-portfolio,CREATED
/sv/portfolio/museum/,/portfolio/museum/,lang-sv-portfolio,CREATED
/sv/portfolio/calderon-stadium-urban-living/,/portfolio/calderon-stadium-urban-living/,lang-sv-portfolio,CREATED
/sv/portfolio/edificio-salamanca/,/portfolio/edificio-salamanca/,lang-sv-portfolio,CREATED
/sv/portfolio/a75/,/portfolio/a75/,lang-sv-portfolio,CREATED
/sv/portfolio/casa-boadilla-madrid-luxury-family-residence/,/portfolio/casa-boadilla-madrid-luxury-family-residence/,lang-sv-portfolio,CREATED
/sv/portfolio/senior-coliving/,/portfolio/senior-coliving/,lang-sv-portfolio,CREATED
/sv/portfolio/bistro-dterra-cafe-restaurant-interior-design/,/portfolio/bistro-dterra-cafe-restaurant-interior-design/,lang-sv-portfolio,CREATED
/sv/portfolio/axis/,/portfolio/axis/,lang-sv-portfolio,CREATED
/sv/portfolio/plato/,/portfolio/plato/,lang-sv-portfolio,CREATED
/sv/portfolio/k12/,/portfolio/k12/,lang-sv-portfolio,CREATED
/sv/portfolio/granolita-coffee-boutique-cafe-interior-project/,/portfolio/granolita-coffee-boutique-cafe-interior-project/,lang-sv-portfolio,CREATED
/sv/portfolio/boutique-apartment-v1/,/portfolio/boutique-apartment-v1/,lang-sv-portfolio,CREATED
/sv/portfolio/urban-landscape-athens/,/portfolio/urban-landscape-athens/,lang-sv-portfolio,CREATED
/sv/portfolio/selva-boutique-luxury-design/,/portfolio/selva-boutique-luxury-design/,lang-sv-portfolio,CREATED
/sv/portfolio/why-wolfblanc/,/studio/why-wolfblanc/,lang-sv-portfolio-page,CREATED
/sv/portfolio/project-monitoring/,/studio/project-monitoring/,lang-sv-portfolio-page,CREATED
/sv/portfolio/for-investors/,/services/for-investors/,lang-sv-portfolio-page,CREATED
/sv/portfolio/for-homeowners/,/services/for-homeowners/,lang-sv-portfolio-page,CREATED
/sv/portfolio/commercial-retail/,/services/commercial-interiors-hospitality/,lang-sv-portfolio-page,CREATED
/sv/portfolio/second-homes-spain/,/services/villas-and-second-homes/,lang-sv-portfolio-page,CREATED
/sv/portfolio/guest-area/,/contact/,lang-sv-portfolio-page,CREATED
/sv/portfolio/,/portfolio/,lang-sv-portfolio-hub,CREATED
/sv/location/galicia/,/locations/galicia/,lang-sv-location,CREATED
/sv/location/barcelona/,/locations/barcelona/,lang-sv-location,CREATED
/sv/location/athens/,/locations/athens/,lang-sv-location,CREATED
/sv/location/madrid/,/locations/madrid/,lang-sv-location,CREATED
/sv/location/stockholm/,/locations/stockholm/,lang-sv-location,CREATED
/sv/location/thessaloniki/,/locations/thessaloniki/,lang-sv-location,CREATED
/sv/location/mallorca/,/locations/mallorca/,lang-sv-location,CREATED
/sv/location/marbella/,/locations/marbella/,lang-sv-location,CREATED
/sv/location/valencia/,/locations/valencia/,lang-sv-location,CREATED
/sv/location/,/locations/,lang-sv-location-hub,CREATED
/sv/locations/,/locations/,lang-sv-locations,SKIPPED-exists
/sv/services/,/services/,lang-sv-services,CREATED
/sv/expertise/,/services/,lang-sv-services,SKIPPED-exists
/sv/news/,/news/,lang-sv-news,SKIPPED-exists
/el/,/,lang-el-page,CREATED
/el/faq/,/faq/,lang-el-page,CREATED
/el/marketing-growth-manager-madrid/,/marketing-growth-manager-madrid/,lang-el-page,CREATED
/el/architects/,/architects/,lang-el-page,CREATED
/el/business-development-assistant/,/business-development-assistant/,lang-el-page,CREATED
/el/newsletter/,/newsletter/,lang-el-page,CREATED
/el/residential-architect-athens/,/residential-architect-athens/,lang-el-page,CREATED
/el/news/,/news/,lang-el-page,CREATED
/el/legal/,/legal/,lang-el-page,CREATED
/el/contact/,/contact/,lang-el-page,CREATED
/el/arquitecto-comercial-retail-madrid/,/arquitecto-comercial-retail-madrid/,lang-el-page,CREATED
/el/locations/,/locations/,lang-el-page,CREATED
/el/arquitecto-residencial-madrid/,/arquitecto-residencial-madrid/,lang-el-page,CREATED
/el/studio/,/studio/,lang-el-page,CREATED
/el/jefe-de-obra-project-manager-madrid/,/jefe-de-obra-project-manager-madrid/,lang-el-page,CREATED
/el/expertise/,/services/,lang-el-page,CREATED
/el/architecture/,/services/architecture/,lang-el-page,CREATED
/el/landscape-architecture/,/services/landscape-architecture/,lang-el-page,CREATED
/el/hospitality/,/services/commercial-interiors-hospitality/,lang-el-page,CREATED
/el/restaurants/,/services/commercial-interiors-hospitality/,lang-el-page,CREATED
/el/project-management/,/services/project-management/,lang-el-page,CREATED
/el/residential-interiors/,/services/residential-interiors/,lang-el-page,CREATED
/el/bim-consultancy/,/services/bim/,lang-el-page,CREATED
/el/well-being-consultancy/,/services/wellbeing/,lang-el-page,CREATED
/el/urban-design-masterplanning/,/services/urban-design/,lang-el-page,CREATED
/el/architectural-visualization/,/services/visualization/,lang-el-page,CREATED
/el/pre-acquisition-technical-due-diligence-for-property-buyers/,/services/due-diligence/,lang-el-page,CREATED
/el/culture-values/,/culture/,lang-el-page,CREATED
/el/join-wolfblanc/,/careers/,lang-el-page,CREATED
/el/architecture-landscape/,/services/landscape-architecture/,lang-el-page,CREATED
/el/architecture-bim-information-system/,/news/architecture-bim-information-system/,lang-el-article,CREATED
/el/renovating-an-apartment-in-stockholm-permits-costs-and-building-culture/,/news/,lang-el-article,CREATED
/el/architecture-in-mallorca-renovations-villas-and-what-foreign-buyers-should-know/,/news/architecture-in-mallorca-renovations-villas-and-what-foreign-buyers-should-know/,lang-el-article,CREATED
/el/renovating-an-apartment-in-barcelona-permits-costs-and-common-mistakes/,/news/renovating-an-apartment-in-barcelona-permits-costs-and-common-mistakes/,lang-el-article,CREATED
/el/buying-and-renovating-property-in-valencia-as-a-foreigner/,/news/buying-and-renovating-property-in-valencia-as-a-foreigner/,lang-el-article,CREATED
/el/architecture-in-thessaloniki-neighborhoods-building-stock-and-renovation-opportunities-for-buyers/,/news/architecture-in-thessaloniki-neighborhoods-building-stock-and-renovation-opportunities-for-buyers/,lang-el-article,CREATED
/el/architecture-in-marbella-villas-renovations-and-what-international-buyers-should-know/,/news/architecture-in-marbella-villas-renovations-and-what-international-buyers-should-know/,lang-el-article,CREATED
/el/stockholm-brf-renovation-board-approvals-permits-and-what-foreign-owners-get-wrong/,/news/stockholm-brf-renovation-board-approvals-permits-and-what-foreign-owners-get-wrong/,lang-el-article,CREATED
/el/buying-and-renovating-property-in-barcelona-as-a-foreigner-permits-costs-and-architecture/,/news/,lang-el-article,CREATED
/el/why-clients-asked-wolfblanc-for-eolos/,/news/,lang-el-article,CREATED
/el/luxury-villa-project-management-in-marbella-how-foreign-investors-control-cost-licenses-and-contractors/,/news/luxury-villa-project-management-in-marbella-how-foreign-investors-control-cost-licenses-and-contractors/,lang-el-article,CREATED
/el/boutique-hotel-renovation-in-spain-why-ffe-licensing-and-opening-readiness-must-be-managed-together/,/news/boutique-hotel-renovation-in-spain-why-ffe-licensing-and-opening-readiness-must-be-managed-together/,lang-el-article,CREATED
/el/what-nobody-tells-you-before-hiring-architecture-studio/,/news/what-nobody-tells-you-before-hiring-architecture-studio/,lang-el-article,CREATED
/el/story-behind-wolfblanc-instinct-precision/,/news/story-behind-wolfblanc-instinct-precision/,lang-el-article,CREATED
/el/architecture-spain-sweden-greece-wolfblanc-practice/,/news/architecture-spain-sweden-greece-wolfblanc-practice/,lang-el-article,CREATED
/el/madrid-renovation-guide-costs-permits-timeline/,/news/madrid-renovation-guide-costs-permits-timeline/,lang-el-article,CREATED
/el/hiring-architect-spain-greece-foreign-buyer/,/news/hiring-architect-spain-greece-foreign-buyer/,lang-el-article,CREATED
/el/golden-visa-greece-property-renovation-architect/,/news/,lang-el-article,CREATED
/el/wellbeing-by-design-architecture-health-mood/,/news/wellbeing-by-design-architecture-health-mood/,lang-el-article,CREATED
/el/renovation-mistakes-cost-most-to-fix/,/news/renovation-mistakes-cost-most-to-fix/,lang-el-article,CREATED
/el/swedish-design-thinking-southern-european-homes/,/news/swedish-design-thinking-southern-european-homes/,lang-el-article,CREATED
/el/cost-building-house-spain-honest-guide-2026/,/news/,lang-el-article,CREATED
/el/nie-nif-buy-property-spain-checklist-foreigners/,/news/,lang-el-article,CREATED
/el/hospitality-architecture-opening-date-studio-accountability/,/news/,lang-el-article,CREATED
/el/home-office-design-architecture-remote-work/,/news/,lang-el-article,CREATED
/el/buying-rural-property-spain-land-classification-building-rights/,/news/,lang-el-article,CREATED
/el/architect-interior-designer-project-manager-spain-difference/,/news/,lang-el-article,CREATED
/el/kitchen-renovation-spain-cost-guide-architecture/,/news/,lang-el-article,CREATED
/el/bathroom-renovation-spain-cost-design-guide/,/news/,lang-el-article,CREATED
/el/renovating-apartment-stockholm-international-buyers/,/news/,lang-el-article,CREATED
/el/outdoor-space-design-spain-terrace-garden-patio/,/news/,lang-el-article,CREATED
/el/spanish-horizontal-property-law-comunidad-foreign-owners/,/news/,lang-el-article,CREATED
/el/find-manage-contractor-spain-no-spanish/,/news/,lang-el-article,CREATED
/el/home-design-summer-year-round-living-spain-greece-sweden/,/news/home-design-summer-year-round-living-spain-greece-sweden/,lang-el-article,CREATED
/el/climate-responsive-architecture-spain-greece-sweden/,/news/climate-responsive-architecture-spain-greece-sweden/,lang-el-article,CREATED
/el/energy-efficient-homes-sweden-nordic-standard/,/news/energy-efficient-homes-sweden-nordic-standard/,lang-el-article,CREATED
/el/moving-to-spain-from-sweden-greece-housing-architecture/,/news/,lang-el-article,CREATED
/el/buying-home-sweden-foreigner-architecture-renovation/,/news/buying-home-sweden-foreigner-architecture-renovation/,lang-el-article,CREATED
/el/greek-island-architecture-renovation-guide/,/news/greek-island-architecture-renovation-guide/,lang-el-article,CREATED
/el/architecture-athens-neighborhoods-renovation-guide/,/news/architecture-athens-neighborhoods-renovation-guide/,lang-el-article,CREATED
/el/renovating-property-greece-foreign-buyer-guide/,/news/renovating-property-greece-foreign-buyer-guide/,lang-el-article,CREATED
/el/building-permits-madrid-licencia-obras-guide/,/news/,lang-el-article,CREATED
/el/sustainable-architecture-madrid-home-renovation/,/news/,lang-el-article,CREATED
/el/open-plan-living-madrid-apartments/,/news/,lang-el-article,CREATED
/el/commercial-hospitality-architecture-madrid/,/news/commercial-hospitality-architecture-madrid/,lang-el-article,CREATED
/el/second-home-spain-architecture-renovation-guide/,/news/second-home-spain-architecture-renovation-guide/,lang-el-article,CREATED
/el/scandinavian-interior-design-in-madrid-homes-why-nordic-principles-work-in-a-mediterranean-city/,/news/,lang-el-article,CREATED
/el/madrid-real-estate-investment-architecture-roi/,/news/,lang-el-article,CREATED
/el/buying-property-madrid-foreigner-renovation-guide/,/news/buying-property-madrid-foreigner-renovation-guide/,lang-el-article,CREATED
/el/renovating-historic-apartment-madrid/,/news/,lang-el-article,CREATED
/el/what-is-bim-architecture-renovation-project/,/news/,lang-el-article,CREATED
/el/architecture-light-design-brighter-home/,/news/architecture-light-design-brighter-home/,lang-el-article,CREATED
/el/add-terrace-extension-garden-room-europe-permits/,/news/add-terrace-extension-garden-room-europe-permits/,lang-el-article,CREATED
/el/building-pool-spain-greece-sweden-architecture/,/news/building-pool-spain-greece-sweden-architecture/,lang-el-article,CREATED
/el/dividing-property-two-units-spain-architecture/,/news/,lang-el-article,CREATED
/el/design-home-ages-well-accessibility-architecture/,/news/design-home-ages-well-accessibility-architecture/,lang-el-article,CREATED
/el/multi-generational-home-design-architecture/,/news/multi-generational-home-design-architecture/,lang-el-article,CREATED
/el/renovate-or-build-from-scratch-spain/,/news/,lang-el-article,CREATED
/el/working-with-architect-spain-process-guide/,/news/,lang-el-article,CREATED
/el/well-ap-certification/,/news/well-ap-certification/,lang-el-article,CREATED
/el/wolfblancs-approach-to-sustainability/,/news/wolfblancs-approach-to-sustainability/,lang-el-article,CREATED
/el/wolfblanc-euipo-trademark-registration/,/news/,lang-el-article,CREATED
/el/portfolio/market-regeneration/,/portfolio/market-regeneration/,lang-el-portfolio,CREATED
/el/portfolio/horizon/,/portfolio/horizon/,lang-el-portfolio,CREATED
/el/portfolio/norrsken-office-workplace-design/,/portfolio/norrsken-office-workplace-design/,lang-el-portfolio,CREATED
/el/portfolio/lavapies-intervention/,/portfolio/lavapies-intervention/,lang-el-portfolio,CREATED
/el/portfolio/k38/,/portfolio/k38/,lang-el-portfolio,CREATED
/el/portfolio/el-pilar/,/portfolio/el-pilar/,lang-el-portfolio,CREATED
/el/portfolio/museum/,/portfolio/museum/,lang-el-portfolio,CREATED
/el/portfolio/calderon-stadium-urban-living/,/portfolio/calderon-stadium-urban-living/,lang-el-portfolio,CREATED
/el/portfolio/edificio-salamanca/,/portfolio/edificio-salamanca/,lang-el-portfolio,CREATED
/el/portfolio/a75/,/portfolio/a75/,lang-el-portfolio,CREATED
/el/portfolio/casa-boadilla-madrid-luxury-family-residence/,/portfolio/casa-boadilla-madrid-luxury-family-residence/,lang-el-portfolio,CREATED
/el/portfolio/senior-coliving/,/portfolio/senior-coliving/,lang-el-portfolio,CREATED
/el/portfolio/bistro-dterra-cafe-restaurant-interior-design/,/portfolio/bistro-dterra-cafe-restaurant-interior-design/,lang-el-portfolio,CREATED
/el/portfolio/axis/,/portfolio/axis/,lang-el-portfolio,CREATED
/el/portfolio/plato/,/portfolio/plato/,lang-el-portfolio,CREATED
/el/portfolio/k12/,/portfolio/k12/,lang-el-portfolio,CREATED
/el/portfolio/granolita-coffee-boutique-cafe-interior-project/,/portfolio/granolita-coffee-boutique-cafe-interior-project/,lang-el-portfolio,CREATED
/el/portfolio/boutique-apartment-v1/,/portfolio/boutique-apartment-v1/,lang-el-portfolio,CREATED
/el/portfolio/urban-landscape-athens/,/portfolio/urban-landscape-athens/,lang-el-portfolio,CREATED
/el/portfolio/selva-boutique-luxury-design/,/portfolio/selva-boutique-luxury-design/,lang-el-portfolio,CREATED
/el/portfolio/why-wolfblanc/,/studio/why-wolfblanc/,lang-el-portfolio-page,CREATED
/el/portfolio/project-monitoring/,/studio/project-monitoring/,lang-el-portfolio-page,CREATED
/el/portfolio/for-investors/,/services/for-investors/,lang-el-portfolio-page,CREATED
/el/portfolio/for-homeowners/,/services/for-homeowners/,lang-el-portfolio-page,CREATED
/el/portfolio/commercial-retail/,/services/commercial-interiors-hospitality/,lang-el-portfolio-page,CREATED
/el/portfolio/second-homes-spain/,/services/villas-and-second-homes/,lang-el-portfolio-page,CREATED
/el/portfolio/guest-area/,/contact/,lang-el-portfolio-page,CREATED
/el/portfolio/,/portfolio/,lang-el-portfolio-hub,CREATED
/el/location/galicia/,/locations/galicia/,lang-el-location,CREATED
/el/location/barcelona/,/locations/barcelona/,lang-el-location,CREATED
/el/location/athens/,/locations/athens/,lang-el-location,CREATED
/el/location/madrid/,/locations/madrid/,lang-el-location,CREATED
/el/location/stockholm/,/locations/stockholm/,lang-el-location,CREATED
/el/location/thessaloniki/,/locations/thessaloniki/,lang-el-location,CREATED
/el/location/mallorca/,/locations/mallorca/,lang-el-location,CREATED
/el/location/marbella/,/locations/marbella/,lang-el-location,CREATED
/el/location/valencia/,/locations/valencia/,lang-el-location,CREATED
/el/location/,/locations/,lang-el-location-hub,CREATED
/el/locations/,/locations/,lang-el-locations,SKIPPED-exists
/el/services/,/services/,lang-el-services,CREATED
/el/expertise/,/services/,lang-el-services,SKIPPED-exists
/el/news/,/news/,lang-el-news,SKIPPED-exists
/de/,/,lang-de-page,CREATED
/de/business-development-assistant/,/business-development-assistant/,lang-de-page,CREATED
/de/locations/,/locations/,lang-de-page,CREATED
/de/residential-architect-athens/,/residential-architect-athens/,lang-de-page,CREATED
/de/marketing-growth-manager-madrid/,/marketing-growth-manager-madrid/,lang-de-page,CREATED
/de/arquitecto-comercial-retail-madrid/,/arquitecto-comercial-retail-madrid/,lang-de-page,CREATED
/de/legal/,/legal/,lang-de-page,CREATED
/de/studio/,/studio/,lang-de-page,CREATED
/de/contact/,/contact/,lang-de-page,CREATED
/de/faq/,/faq/,lang-de-page,CREATED
/de/newsletter/,/newsletter/,lang-de-page,CREATED
/de/news/,/news/,lang-de-page,CREATED
/de/jefe-de-obra-project-manager-madrid/,/jefe-de-obra-project-manager-madrid/,lang-de-page,CREATED
/de/arquitecto-residencial-madrid/,/arquitecto-residencial-madrid/,lang-de-page,CREATED
/de/architects/,/architects/,lang-de-page,CREATED
/de/expertise/,/services/,lang-de-page,CREATED
/de/architecture/,/services/architecture/,lang-de-page,CREATED
/de/landscape-architecture/,/services/landscape-architecture/,lang-de-page,CREATED
/de/hospitality/,/services/commercial-interiors-hospitality/,lang-de-page,CREATED
/de/restaurants/,/services/commercial-interiors-hospitality/,lang-de-page,CREATED
/de/project-management/,/services/project-management/,lang-de-page,CREATED
/de/residential-interiors/,/services/residential-interiors/,lang-de-page,CREATED
/de/bim-consultancy/,/services/bim/,lang-de-page,CREATED
/de/well-being-consultancy/,/services/wellbeing/,lang-de-page,CREATED
/de/urban-design-masterplanning/,/services/urban-design/,lang-de-page,CREATED
/de/architectural-visualization/,/services/visualization/,lang-de-page,CREATED
/de/pre-acquisition-technical-due-diligence-for-property-buyers/,/services/due-diligence/,lang-de-page,CREATED
/de/culture-values/,/culture/,lang-de-page,CREATED
/de/join-wolfblanc/,/careers/,lang-de-page,CREATED
/de/architecture-landscape/,/services/landscape-architecture/,lang-de-page,CREATED
/de/architecture-bim-information-system/,/news/architecture-bim-information-system/,lang-de-article,CREATED
/de/renovating-an-apartment-in-stockholm-permits-costs-and-building-culture/,/news/,lang-de-article,CREATED
/de/architecture-in-mallorca-renovations-villas-and-what-foreign-buyers-should-know/,/news/architecture-in-mallorca-renovations-villas-and-what-foreign-buyers-should-know/,lang-de-article,CREATED
/de/renovating-an-apartment-in-barcelona-permits-costs-and-common-mistakes/,/news/renovating-an-apartment-in-barcelona-permits-costs-and-common-mistakes/,lang-de-article,CREATED
/de/buying-and-renovating-property-in-valencia-as-a-foreigner/,/news/buying-and-renovating-property-in-valencia-as-a-foreigner/,lang-de-article,CREATED
/de/architecture-in-thessaloniki-neighborhoods-building-stock-and-renovation-opportunities-for-buyers/,/news/architecture-in-thessaloniki-neighborhoods-building-stock-and-renovation-opportunities-for-buyers/,lang-de-article,CREATED
/de/architecture-in-marbella-villas-renovations-and-what-international-buyers-should-know/,/news/architecture-in-marbella-villas-renovations-and-what-international-buyers-should-know/,lang-de-article,CREATED
/de/stockholm-brf-renovation-board-approvals-permits-and-what-foreign-owners-get-wrong/,/news/stockholm-brf-renovation-board-approvals-permits-and-what-foreign-owners-get-wrong/,lang-de-article,CREATED
/de/buying-and-renovating-property-in-barcelona-as-a-foreigner-permits-costs-and-architecture/,/news/,lang-de-article,CREATED
/de/why-clients-asked-wolfblanc-for-eolos/,/news/,lang-de-article,CREATED
/de/luxury-villa-project-management-in-marbella-how-foreign-investors-control-cost-licenses-and-contractors/,/news/luxury-villa-project-management-in-marbella-how-foreign-investors-control-cost-licenses-and-contractors/,lang-de-article,CREATED
/de/boutique-hotel-renovation-in-spain-why-ffe-licensing-and-opening-readiness-must-be-managed-together/,/news/boutique-hotel-renovation-in-spain-why-ffe-licensing-and-opening-readiness-must-be-managed-together/,lang-de-article,CREATED
/de/what-nobody-tells-you-before-hiring-architecture-studio/,/news/what-nobody-tells-you-before-hiring-architecture-studio/,lang-de-article,CREATED
/de/story-behind-wolfblanc-instinct-precision/,/news/story-behind-wolfblanc-instinct-precision/,lang-de-article,CREATED
/de/architecture-spain-sweden-greece-wolfblanc-practice/,/news/architecture-spain-sweden-greece-wolfblanc-practice/,lang-de-article,CREATED
/de/madrid-renovation-guide-costs-permits-timeline/,/news/madrid-renovation-guide-costs-permits-timeline/,lang-de-article,CREATED
/de/hiring-architect-spain-greece-foreign-buyer/,/news/hiring-architect-spain-greece-foreign-buyer/,lang-de-article,CREATED
/de/golden-visa-greece-property-renovation-architect/,/news/,lang-de-article,CREATED
/de/wellbeing-by-design-architecture-health-mood/,/news/wellbeing-by-design-architecture-health-mood/,lang-de-article,CREATED
/de/renovation-mistakes-cost-most-to-fix/,/news/renovation-mistakes-cost-most-to-fix/,lang-de-article,CREATED
/de/swedish-design-thinking-southern-european-homes/,/news/swedish-design-thinking-southern-european-homes/,lang-de-article,CREATED
/de/cost-building-house-spain-honest-guide-2026/,/news/,lang-de-article,CREATED
/de/nie-nif-buy-property-spain-checklist-foreigners/,/news/,lang-de-article,CREATED
/de/hospitality-architecture-opening-date-studio-accountability/,/news/,lang-de-article,CREATED
/de/home-office-design-architecture-remote-work/,/news/,lang-de-article,CREATED
/de/buying-rural-property-spain-land-classification-building-rights/,/news/,lang-de-article,CREATED
/de/architect-interior-designer-project-manager-spain-difference/,/news/,lang-de-article,CREATED
/de/kitchen-renovation-spain-cost-guide-architecture/,/news/,lang-de-article,CREATED
/de/bathroom-renovation-spain-cost-design-guide/,/news/,lang-de-article,CREATED
/de/renovating-apartment-stockholm-international-buyers/,/news/,lang-de-article,CREATED
/de/outdoor-space-design-spain-terrace-garden-patio/,/news/,lang-de-article,CREATED
/de/spanish-horizontal-property-law-comunidad-foreign-owners/,/news/,lang-de-article,CREATED
/de/find-manage-contractor-spain-no-spanish/,/news/,lang-de-article,CREATED
/de/home-design-summer-year-round-living-spain-greece-sweden/,/news/home-design-summer-year-round-living-spain-greece-sweden/,lang-de-article,CREATED
/de/climate-responsive-architecture-spain-greece-sweden/,/news/climate-responsive-architecture-spain-greece-sweden/,lang-de-article,CREATED
/de/energy-efficient-homes-sweden-nordic-standard/,/news/energy-efficient-homes-sweden-nordic-standard/,lang-de-article,CREATED
/de/moving-to-spain-from-sweden-greece-housing-architecture/,/news/,lang-de-article,CREATED
/de/buying-home-sweden-foreigner-architecture-renovation/,/news/buying-home-sweden-foreigner-architecture-renovation/,lang-de-article,CREATED
/de/greek-island-architecture-renovation-guide/,/news/greek-island-architecture-renovation-guide/,lang-de-article,CREATED
/de/architecture-athens-neighborhoods-renovation-guide/,/news/architecture-athens-neighborhoods-renovation-guide/,lang-de-article,CREATED
/de/renovating-property-greece-foreign-buyer-guide/,/news/renovating-property-greece-foreign-buyer-guide/,lang-de-article,CREATED
/de/building-permits-madrid-licencia-obras-guide/,/news/,lang-de-article,CREATED
/de/sustainable-architecture-madrid-home-renovation/,/news/,lang-de-article,CREATED
/de/open-plan-living-madrid-apartments/,/news/,lang-de-article,CREATED
/de/commercial-hospitality-architecture-madrid/,/news/commercial-hospitality-architecture-madrid/,lang-de-article,CREATED
/de/second-home-spain-architecture-renovation-guide/,/news/second-home-spain-architecture-renovation-guide/,lang-de-article,CREATED
/de/scandinavian-interior-design-in-madrid-homes-why-nordic-principles-work-in-a-mediterranean-city/,/news/,lang-de-article,CREATED
/de/madrid-real-estate-investment-architecture-roi/,/news/,lang-de-article,CREATED
/de/buying-property-madrid-foreigner-renovation-guide/,/news/buying-property-madrid-foreigner-renovation-guide/,lang-de-article,CREATED
/de/renovating-historic-apartment-madrid/,/news/,lang-de-article,CREATED
/de/what-is-bim-architecture-renovation-project/,/news/,lang-de-article,CREATED
/de/architecture-light-design-brighter-home/,/news/architecture-light-design-brighter-home/,lang-de-article,CREATED
/de/add-terrace-extension-garden-room-europe-permits/,/news/add-terrace-extension-garden-room-europe-permits/,lang-de-article,CREATED
/de/building-pool-spain-greece-sweden-architecture/,/news/building-pool-spain-greece-sweden-architecture/,lang-de-article,CREATED
/de/dividing-property-two-units-spain-architecture/,/news/,lang-de-article,CREATED
/de/design-home-ages-well-accessibility-architecture/,/news/design-home-ages-well-accessibility-architecture/,lang-de-article,CREATED
/de/multi-generational-home-design-architecture/,/news/multi-generational-home-design-architecture/,lang-de-article,CREATED
/de/renovate-or-build-from-scratch-spain/,/news/,lang-de-article,CREATED
/de/working-with-architect-spain-process-guide/,/news/,lang-de-article,CREATED
/de/well-ap-certification/,/news/well-ap-certification/,lang-de-article,CREATED
/de/wolfblancs-approach-to-sustainability/,/news/wolfblancs-approach-to-sustainability/,lang-de-article,CREATED
/de/wolfblanc-euipo-trademark-registration/,/news/,lang-de-article,CREATED
/de/portfolio/a75/,/portfolio/a75/,lang-de-portfolio,CREATED
/de/portfolio/norrsken-office-workplace-design/,/portfolio/norrsken-office-workplace-design/,lang-de-portfolio,CREATED
/de/portfolio/el-pilar/,/portfolio/el-pilar/,lang-de-portfolio,CREATED
/de/portfolio/museum/,/portfolio/museum/,lang-de-portfolio,CREATED
/de/portfolio/granolita-coffee-boutique-cafe-interior-project/,/portfolio/granolita-coffee-boutique-cafe-interior-project/,lang-de-portfolio,CREATED
/de/portfolio/lavapies-intervention/,/portfolio/lavapies-intervention/,lang-de-portfolio,CREATED
/de/portfolio/urban-landscape-athens/,/portfolio/urban-landscape-athens/,lang-de-portfolio,CREATED
/de/portfolio/axis/,/portfolio/axis/,lang-de-portfolio,CREATED
/de/portfolio/calderon-stadium-urban-living/,/portfolio/calderon-stadium-urban-living/,lang-de-portfolio,CREATED
/de/portfolio/edificio-salamanca/,/portfolio/edificio-salamanca/,lang-de-portfolio,CREATED
/de/portfolio/senior-coliving/,/portfolio/senior-coliving/,lang-de-portfolio,CREATED
/de/portfolio/selva-boutique-luxury-design/,/portfolio/selva-boutique-luxury-design/,lang-de-portfolio,CREATED
/de/portfolio/market-regeneration/,/portfolio/market-regeneration/,lang-de-portfolio,CREATED
/de/portfolio/horizon/,/portfolio/horizon/,lang-de-portfolio,CREATED
/de/portfolio/bistro-dterra-cafe-restaurant-interior-design/,/portfolio/bistro-dterra-cafe-restaurant-interior-design/,lang-de-portfolio,CREATED
/de/portfolio/k12/,/portfolio/k12/,lang-de-portfolio,CREATED
/de/portfolio/boutique-apartment-v1/,/portfolio/boutique-apartment-v1/,lang-de-portfolio,CREATED
/de/portfolio/casa-boadilla-madrid-luxury-family-residence/,/portfolio/casa-boadilla-madrid-luxury-family-residence/,lang-de-portfolio,CREATED
/de/portfolio/k38/,/portfolio/k38/,lang-de-portfolio,CREATED
/de/portfolio/plato/,/portfolio/plato/,lang-de-portfolio,CREATED
/de/portfolio/why-wolfblanc/,/studio/why-wolfblanc/,lang-de-portfolio-page,CREATED
/de/portfolio/project-monitoring/,/studio/project-monitoring/,lang-de-portfolio-page,CREATED
/de/portfolio/for-investors/,/services/for-investors/,lang-de-portfolio-page,CREATED
/de/portfolio/for-homeowners/,/services/for-homeowners/,lang-de-portfolio-page,CREATED
/de/portfolio/commercial-retail/,/services/commercial-interiors-hospitality/,lang-de-portfolio-page,CREATED
/de/portfolio/second-homes-spain/,/services/villas-and-second-homes/,lang-de-portfolio-page,CREATED
/de/portfolio/guest-area/,/contact/,lang-de-portfolio-page,CREATED
/de/portfolio/,/portfolio/,lang-de-portfolio-hub,CREATED
/de/location/galicia/,/locations/galicia/,lang-de-location,CREATED
/de/location/thessaloniki/,/locations/thessaloniki/,lang-de-location,CREATED
/de/location/valencia/,/locations/valencia/,lang-de-location,CREATED
/de/location/stockholm/,/locations/stockholm/,lang-de-location,CREATED
/de/location/athens/,/locations/athens/,lang-de-location,CREATED
/de/location/barcelona/,/locations/barcelona/,lang-de-location,CREATED
/de/location/mallorca/,/locations/mallorca/,lang-de-location,CREATED
/de/location/madrid/,/locations/madrid/,lang-de-location,CREATED
/de/location/marbella/,/locations/marbella/,lang-de-location,CREATED
/de/location/,/locations/,lang-de-location-hub,CREATED
/de/services/,/services/,lang-de-services,CREATED
/nl/,/,lang-nl-page,CREATED
/nl/business-development-assistant/,/business-development-assistant/,lang-nl-page,CREATED
/nl/locations/,/locations/,lang-nl-page,CREATED
/nl/residential-architect-athens/,/residential-architect-athens/,lang-nl-page,CREATED
/nl/marketing-growth-manager-madrid/,/marketing-growth-manager-madrid/,lang-nl-page,CREATED
/nl/arquitecto-comercial-retail-madrid/,/arquitecto-comercial-retail-madrid/,lang-nl-page,CREATED
/nl/legal/,/legal/,lang-nl-page,CREATED
/nl/studio/,/studio/,lang-nl-page,CREATED
/nl/contact/,/contact/,lang-nl-page,CREATED
/nl/faq/,/faq/,lang-nl-page,CREATED
/nl/newsletter/,/newsletter/,lang-nl-page,CREATED
/nl/news/,/news/,lang-nl-page,CREATED
/nl/jefe-de-obra-project-manager-madrid/,/jefe-de-obra-project-manager-madrid/,lang-nl-page,CREATED
/nl/arquitecto-residencial-madrid/,/arquitecto-residencial-madrid/,lang-nl-page,CREATED
/nl/architects/,/architects/,lang-nl-page,CREATED
/nl/expertise/,/services/,lang-nl-page,CREATED
/nl/architecture/,/services/architecture/,lang-nl-page,CREATED
/nl/landscape-architecture/,/services/landscape-architecture/,lang-nl-page,CREATED
/nl/hospitality/,/services/commercial-interiors-hospitality/,lang-nl-page,CREATED
/nl/restaurants/,/services/commercial-interiors-hospitality/,lang-nl-page,CREATED
/nl/project-management/,/services/project-management/,lang-nl-page,CREATED
/nl/residential-interiors/,/services/residential-interiors/,lang-nl-page,CREATED
/nl/bim-consultancy/,/services/bim/,lang-nl-page,CREATED
/nl/well-being-consultancy/,/services/wellbeing/,lang-nl-page,CREATED
/nl/urban-design-masterplanning/,/services/urban-design/,lang-nl-page,CREATED
/nl/architectural-visualization/,/services/visualization/,lang-nl-page,CREATED
/nl/pre-acquisition-technical-due-diligence-for-property-buyers/,/services/due-diligence/,lang-nl-page,CREATED
/nl/culture-values/,/culture/,lang-nl-page,CREATED
/nl/join-wolfblanc/,/careers/,lang-nl-page,CREATED
/nl/architecture-landscape/,/services/landscape-architecture/,lang-nl-page,CREATED
/nl/architecture-bim-information-system/,/news/architecture-bim-information-system/,lang-nl-article,CREATED
/nl/renovating-an-apartment-in-stockholm-permits-costs-and-building-culture/,/news/,lang-nl-article,CREATED
/nl/architecture-in-mallorca-renovations-villas-and-what-foreign-buyers-should-know/,/news/architecture-in-mallorca-renovations-villas-and-what-foreign-buyers-should-know/,lang-nl-article,CREATED
/nl/renovating-an-apartment-in-barcelona-permits-costs-and-common-mistakes/,/news/renovating-an-apartment-in-barcelona-permits-costs-and-common-mistakes/,lang-nl-article,CREATED
/nl/buying-and-renovating-property-in-valencia-as-a-foreigner/,/news/buying-and-renovating-property-in-valencia-as-a-foreigner/,lang-nl-article,CREATED
/nl/architecture-in-thessaloniki-neighborhoods-building-stock-and-renovation-opportunities-for-buyers/,/news/architecture-in-thessaloniki-neighborhoods-building-stock-and-renovation-opportunities-for-buyers/,lang-nl-article,CREATED
/nl/architecture-in-marbella-villas-renovations-and-what-international-buyers-should-know/,/news/architecture-in-marbella-villas-renovations-and-what-international-buyers-should-know/,lang-nl-article,CREATED
/nl/stockholm-brf-renovation-board-approvals-permits-and-what-foreign-owners-get-wrong/,/news/stockholm-brf-renovation-board-approvals-permits-and-what-foreign-owners-get-wrong/,lang-nl-article,CREATED
/nl/buying-and-renovating-property-in-barcelona-as-a-foreigner-permits-costs-and-architecture/,/news/,lang-nl-article,CREATED
/nl/why-clients-asked-wolfblanc-for-eolos/,/news/,lang-nl-article,CREATED
/nl/luxury-villa-project-management-in-marbella-how-foreign-investors-control-cost-licenses-and-contractors/,/news/luxury-villa-project-management-in-marbella-how-foreign-investors-control-cost-licenses-and-contractors/,lang-nl-article,CREATED
/nl/boutique-hotel-renovation-in-spain-why-ffe-licensing-and-opening-readiness-must-be-managed-together/,/news/boutique-hotel-renovation-in-spain-why-ffe-licensing-and-opening-readiness-must-be-managed-together/,lang-nl-article,CREATED
/nl/what-nobody-tells-you-before-hiring-architecture-studio/,/news/what-nobody-tells-you-before-hiring-architecture-studio/,lang-nl-article,CREATED
/nl/story-behind-wolfblanc-instinct-precision/,/news/story-behind-wolfblanc-instinct-precision/,lang-nl-article,CREATED
/nl/architecture-spain-sweden-greece-wolfblanc-practice/,/news/architecture-spain-sweden-greece-wolfblanc-practice/,lang-nl-article,CREATED
/nl/madrid-renovation-guide-costs-permits-timeline/,/news/madrid-renovation-guide-costs-permits-timeline/,lang-nl-article,CREATED
/nl/hiring-architect-spain-greece-foreign-buyer/,/news/hiring-architect-spain-greece-foreign-buyer/,lang-nl-article,CREATED
/nl/golden-visa-greece-property-renovation-architect/,/news/,lang-nl-article,CREATED
/nl/wellbeing-by-design-architecture-health-mood/,/news/wellbeing-by-design-architecture-health-mood/,lang-nl-article,CREATED
/nl/renovation-mistakes-cost-most-to-fix/,/news/renovation-mistakes-cost-most-to-fix/,lang-nl-article,CREATED
/nl/swedish-design-thinking-southern-european-homes/,/news/swedish-design-thinking-southern-european-homes/,lang-nl-article,CREATED
/nl/cost-building-house-spain-honest-guide-2026/,/news/,lang-nl-article,CREATED
/nl/nie-nif-buy-property-spain-checklist-foreigners/,/news/,lang-nl-article,CREATED
/nl/hospitality-architecture-opening-date-studio-accountability/,/news/,lang-nl-article,CREATED
/nl/home-office-design-architecture-remote-work/,/news/,lang-nl-article,CREATED
/nl/buying-rural-property-spain-land-classification-building-rights/,/news/,lang-nl-article,CREATED
/nl/architect-interior-designer-project-manager-spain-difference/,/news/,lang-nl-article,CREATED
/nl/kitchen-renovation-spain-cost-guide-architecture/,/news/,lang-nl-article,CREATED
/nl/bathroom-renovation-spain-cost-design-guide/,/news/,lang-nl-article,CREATED
/nl/renovating-apartment-stockholm-international-buyers/,/news/,lang-nl-article,CREATED
/nl/outdoor-space-design-spain-terrace-garden-patio/,/news/,lang-nl-article,CREATED
/nl/spanish-horizontal-property-law-comunidad-foreign-owners/,/news/,lang-nl-article,CREATED
/nl/find-manage-contractor-spain-no-spanish/,/news/,lang-nl-article,CREATED
/nl/home-design-summer-year-round-living-spain-greece-sweden/,/news/home-design-summer-year-round-living-spain-greece-sweden/,lang-nl-article,CREATED
/nl/climate-responsive-architecture-spain-greece-sweden/,/news/climate-responsive-architecture-spain-greece-sweden/,lang-nl-article,CREATED
/nl/energy-efficient-homes-sweden-nordic-standard/,/news/energy-efficient-homes-sweden-nordic-standard/,lang-nl-article,CREATED
/nl/moving-to-spain-from-sweden-greece-housing-architecture/,/news/,lang-nl-article,CREATED
/nl/buying-home-sweden-foreigner-architecture-renovation/,/news/buying-home-sweden-foreigner-architecture-renovation/,lang-nl-article,CREATED
/nl/greek-island-architecture-renovation-guide/,/news/greek-island-architecture-renovation-guide/,lang-nl-article,CREATED
/nl/architecture-athens-neighborhoods-renovation-guide/,/news/architecture-athens-neighborhoods-renovation-guide/,lang-nl-article,CREATED
/nl/renovating-property-greece-foreign-buyer-guide/,/news/renovating-property-greece-foreign-buyer-guide/,lang-nl-article,CREATED
/nl/building-permits-madrid-licencia-obras-guide/,/news/,lang-nl-article,CREATED
/nl/sustainable-architecture-madrid-home-renovation/,/news/,lang-nl-article,CREATED
/nl/open-plan-living-madrid-apartments/,/news/,lang-nl-article,CREATED
/nl/commercial-hospitality-architecture-madrid/,/news/commercial-hospitality-architecture-madrid/,lang-nl-article,CREATED
/nl/second-home-spain-architecture-renovation-guide/,/news/second-home-spain-architecture-renovation-guide/,lang-nl-article,CREATED
/nl/scandinavian-interior-design-in-madrid-homes-why-nordic-principles-work-in-a-mediterranean-city/,/news/,lang-nl-article,CREATED
/nl/madrid-real-estate-investment-architecture-roi/,/news/,lang-nl-article,CREATED
/nl/buying-property-madrid-foreigner-renovation-guide/,/news/buying-property-madrid-foreigner-renovation-guide/,lang-nl-article,CREATED
/nl/renovating-historic-apartment-madrid/,/news/,lang-nl-article,CREATED
/nl/what-is-bim-architecture-renovation-project/,/news/,lang-nl-article,CREATED
/nl/architecture-light-design-brighter-home/,/news/architecture-light-design-brighter-home/,lang-nl-article,CREATED
/nl/add-terrace-extension-garden-room-europe-permits/,/news/add-terrace-extension-garden-room-europe-permits/,lang-nl-article,CREATED
/nl/building-pool-spain-greece-sweden-architecture/,/news/building-pool-spain-greece-sweden-architecture/,lang-nl-article,CREATED
/nl/dividing-property-two-units-spain-architecture/,/news/,lang-nl-article,CREATED
/nl/design-home-ages-well-accessibility-architecture/,/news/design-home-ages-well-accessibility-architecture/,lang-nl-article,CREATED
/nl/multi-generational-home-design-architecture/,/news/multi-generational-home-design-architecture/,lang-nl-article,CREATED
/nl/renovate-or-build-from-scratch-spain/,/news/,lang-nl-article,CREATED
/nl/working-with-architect-spain-process-guide/,/news/,lang-nl-article,CREATED
/nl/well-ap-certification/,/news/well-ap-certification/,lang-nl-article,CREATED
/nl/wolfblancs-approach-to-sustainability/,/news/wolfblancs-approach-to-sustainability/,lang-nl-article,CREATED
/nl/wolfblanc-euipo-trademark-registration/,/news/,lang-nl-article,CREATED
/nl/portfolio/a75/,/portfolio/a75/,lang-nl-portfolio,CREATED
/nl/portfolio/norrsken-office-workplace-design/,/portfolio/norrsken-office-workplace-design/,lang-nl-portfolio,CREATED
/nl/portfolio/el-pilar/,/portfolio/el-pilar/,lang-nl-portfolio,CREATED
/nl/portfolio/museum/,/portfolio/museum/,lang-nl-portfolio,CREATED
/nl/portfolio/granolita-coffee-boutique-cafe-interior-project/,/portfolio/granolita-coffee-boutique-cafe-interior-project/,lang-nl-portfolio,CREATED
/nl/portfolio/lavapies-intervention/,/portfolio/lavapies-intervention/,lang-nl-portfolio,CREATED
/nl/portfolio/urban-landscape-athens/,/portfolio/urban-landscape-athens/,lang-nl-portfolio,CREATED
/nl/portfolio/axis/,/portfolio/axis/,lang-nl-portfolio,CREATED
/nl/portfolio/calderon-stadium-urban-living/,/portfolio/calderon-stadium-urban-living/,lang-nl-portfolio,CREATED
/nl/portfolio/edificio-salamanca/,/portfolio/edificio-salamanca/,lang-nl-portfolio,CREATED
/nl/portfolio/senior-coliving/,/portfolio/senior-coliving/,lang-nl-portfolio,CREATED
/nl/portfolio/selva-boutique-luxury-design/,/portfolio/selva-boutique-luxury-design/,lang-nl-portfolio,CREATED
/nl/portfolio/market-regeneration/,/portfolio/market-regeneration/,lang-nl-portfolio,CREATED
/nl/portfolio/horizon/,/portfolio/horizon/,lang-nl-portfolio,CREATED
/nl/portfolio/bistro-dterra-cafe-restaurant-interior-design/,/portfolio/bistro-dterra-cafe-restaurant-interior-design/,lang-nl-portfolio,CREATED
/nl/portfolio/k12/,/portfolio/k12/,lang-nl-portfolio,CREATED
/nl/portfolio/boutique-apartment-v1/,/portfolio/boutique-apartment-v1/,lang-nl-portfolio,CREATED
/nl/portfolio/casa-boadilla-madrid-luxury-family-residence/,/portfolio/casa-boadilla-madrid-luxury-family-residence/,lang-nl-portfolio,CREATED
/nl/portfolio/k38/,/portfolio/k38/,lang-nl-portfolio,CREATED
/nl/portfolio/plato/,/portfolio/plato/,lang-nl-portfolio,CREATED
/nl/portfolio/why-wolfblanc/,/studio/why-wolfblanc/,lang-nl-portfolio-page,CREATED
/nl/portfolio/project-monitoring/,/studio/project-monitoring/,lang-nl-portfolio-page,CREATED
/nl/portfolio/for-investors/,/services/for-investors/,lang-nl-portfolio-page,CREATED
/nl/portfolio/for-homeowners/,/services/for-homeowners/,lang-nl-portfolio-page,CREATED
/nl/portfolio/commercial-retail/,/services/commercial-interiors-hospitality/,lang-nl-portfolio-page,CREATED
/nl/portfolio/second-homes-spain/,/services/villas-and-second-homes/,lang-nl-portfolio-page,CREATED
/nl/portfolio/guest-area/,/contact/,lang-nl-portfolio-page,CREATED
/nl/portfolio/,/portfolio/,lang-nl-portfolio-hub,CREATED
/nl/location/galicia/,/locations/galicia/,lang-nl-location,CREATED
/nl/location/thessaloniki/,/locations/thessaloniki/,lang-nl-location,CREATED
/nl/location/valencia/,/locations/valencia/,lang-nl-location,CREATED
/nl/location/stockholm/,/locations/stockholm/,lang-nl-location,CREATED
/nl/location/athens/,/locations/athens/,lang-nl-location,CREATED
/nl/location/barcelona/,/locations/barcelona/,lang-nl-location,CREATED
/nl/location/mallorca/,/locations/mallorca/,lang-nl-location,CREATED
/nl/location/madrid/,/locations/madrid/,lang-nl-location,CREATED
/nl/location/marbella/,/locations/marbella/,lang-nl-location,CREATED
/nl/location/,/locations/,lang-nl-location-hub,CREATED
/nl/services/,/services/,lang-nl-services,CREATED
/fr/,/,lang-fr-page,CREATED
/fr/business-development-assistant/,/business-development-assistant/,lang-fr-page,CREATED
/fr/locations/,/locations/,lang-fr-page,CREATED
/fr/residential-architect-athens/,/residential-architect-athens/,lang-fr-page,CREATED
/fr/marketing-growth-manager-madrid/,/marketing-growth-manager-madrid/,lang-fr-page,CREATED
/fr/arquitecto-comercial-retail-madrid/,/arquitecto-comercial-retail-madrid/,lang-fr-page,CREATED
/fr/legal/,/legal/,lang-fr-page,CREATED
/fr/studio/,/studio/,lang-fr-page,CREATED
/fr/contact/,/contact/,lang-fr-page,CREATED
/fr/faq/,/faq/,lang-fr-page,CREATED
/fr/newsletter/,/newsletter/,lang-fr-page,CREATED
/fr/news/,/news/,lang-fr-page,CREATED
/fr/jefe-de-obra-project-manager-madrid/,/jefe-de-obra-project-manager-madrid/,lang-fr-page,CREATED
/fr/arquitecto-residencial-madrid/,/arquitecto-residencial-madrid/,lang-fr-page,CREATED
/fr/architects/,/architects/,lang-fr-page,CREATED
/fr/expertise/,/services/,lang-fr-page,CREATED
/fr/architecture/,/services/architecture/,lang-fr-page,CREATED
/fr/landscape-architecture/,/services/landscape-architecture/,lang-fr-page,CREATED
/fr/hospitality/,/services/commercial-interiors-hospitality/,lang-fr-page,CREATED
/fr/restaurants/,/services/commercial-interiors-hospitality/,lang-fr-page,CREATED
/fr/project-management/,/services/project-management/,lang-fr-page,CREATED
/fr/residential-interiors/,/services/residential-interiors/,lang-fr-page,CREATED
/fr/bim-consultancy/,/services/bim/,lang-fr-page,CREATED
/fr/well-being-consultancy/,/services/wellbeing/,lang-fr-page,CREATED
/fr/urban-design-masterplanning/,/services/urban-design/,lang-fr-page,CREATED
/fr/architectural-visualization/,/services/visualization/,lang-fr-page,CREATED
/fr/pre-acquisition-technical-due-diligence-for-property-buyers/,/services/due-diligence/,lang-fr-page,CREATED
/fr/culture-values/,/culture/,lang-fr-page,CREATED
/fr/join-wolfblanc/,/careers/,lang-fr-page,CREATED
/fr/architecture-landscape/,/services/landscape-architecture/,lang-fr-page,CREATED
/fr/architecture-bim-information-system/,/news/architecture-bim-information-system/,lang-fr-article,CREATED
/fr/renovating-an-apartment-in-stockholm-permits-costs-and-building-culture/,/news/,lang-fr-article,CREATED
/fr/architecture-in-mallorca-renovations-villas-and-what-foreign-buyers-should-know/,/news/architecture-in-mallorca-renovations-villas-and-what-foreign-buyers-should-know/,lang-fr-article,CREATED
/fr/renovating-an-apartment-in-barcelona-permits-costs-and-common-mistakes/,/news/renovating-an-apartment-in-barcelona-permits-costs-and-common-mistakes/,lang-fr-article,CREATED
/fr/buying-and-renovating-property-in-valencia-as-a-foreigner/,/news/buying-and-renovating-property-in-valencia-as-a-foreigner/,lang-fr-article,CREATED
/fr/architecture-in-thessaloniki-neighborhoods-building-stock-and-renovation-opportunities-for-buyers/,/news/architecture-in-thessaloniki-neighborhoods-building-stock-and-renovation-opportunities-for-buyers/,lang-fr-article,CREATED
/fr/architecture-in-marbella-villas-renovations-and-what-international-buyers-should-know/,/news/architecture-in-marbella-villas-renovations-and-what-international-buyers-should-know/,lang-fr-article,CREATED
/fr/stockholm-brf-renovation-board-approvals-permits-and-what-foreign-owners-get-wrong/,/news/stockholm-brf-renovation-board-approvals-permits-and-what-foreign-owners-get-wrong/,lang-fr-article,CREATED
/fr/buying-and-renovating-property-in-barcelona-as-a-foreigner-permits-costs-and-architecture/,/news/,lang-fr-article,CREATED
/fr/why-clients-asked-wolfblanc-for-eolos/,/news/,lang-fr-article,CREATED
/fr/luxury-villa-project-management-in-marbella-how-foreign-investors-control-cost-licenses-and-contractors/,/news/luxury-villa-project-management-in-marbella-how-foreign-investors-control-cost-licenses-and-contractors/,lang-fr-article,CREATED
/fr/boutique-hotel-renovation-in-spain-why-ffe-licensing-and-opening-readiness-must-be-managed-together/,/news/boutique-hotel-renovation-in-spain-why-ffe-licensing-and-opening-readiness-must-be-managed-together/,lang-fr-article,CREATED
/fr/what-nobody-tells-you-before-hiring-architecture-studio/,/news/what-nobody-tells-you-before-hiring-architecture-studio/,lang-fr-article,CREATED
/fr/story-behind-wolfblanc-instinct-precision/,/news/story-behind-wolfblanc-instinct-precision/,lang-fr-article,CREATED
/fr/architecture-spain-sweden-greece-wolfblanc-practice/,/news/architecture-spain-sweden-greece-wolfblanc-practice/,lang-fr-article,CREATED
/fr/madrid-renovation-guide-costs-permits-timeline/,/news/madrid-renovation-guide-costs-permits-timeline/,lang-fr-article,CREATED
/fr/hiring-architect-spain-greece-foreign-buyer/,/news/hiring-architect-spain-greece-foreign-buyer/,lang-fr-article,CREATED
/fr/golden-visa-greece-property-renovation-architect/,/news/,lang-fr-article,CREATED
/fr/wellbeing-by-design-architecture-health-mood/,/news/wellbeing-by-design-architecture-health-mood/,lang-fr-article,CREATED
/fr/renovation-mistakes-cost-most-to-fix/,/news/renovation-mistakes-cost-most-to-fix/,lang-fr-article,CREATED
/fr/swedish-design-thinking-southern-european-homes/,/news/swedish-design-thinking-southern-european-homes/,lang-fr-article,CREATED
/fr/cost-building-house-spain-honest-guide-2026/,/news/,lang-fr-article,CREATED
/fr/nie-nif-buy-property-spain-checklist-foreigners/,/news/,lang-fr-article,CREATED
/fr/hospitality-architecture-opening-date-studio-accountability/,/news/,lang-fr-article,CREATED
/fr/home-office-design-architecture-remote-work/,/news/,lang-fr-article,CREATED
/fr/buying-rural-property-spain-land-classification-building-rights/,/news/,lang-fr-article,CREATED
/fr/architect-interior-designer-project-manager-spain-difference/,/news/,lang-fr-article,CREATED
/fr/kitchen-renovation-spain-cost-guide-architecture/,/news/,lang-fr-article,CREATED
/fr/bathroom-renovation-spain-cost-design-guide/,/news/,lang-fr-article,CREATED
/fr/renovating-apartment-stockholm-international-buyers/,/news/,lang-fr-article,CREATED
/fr/outdoor-space-design-spain-terrace-garden-patio/,/news/,lang-fr-article,CREATED
/fr/spanish-horizontal-property-law-comunidad-foreign-owners/,/news/,lang-fr-article,CREATED
/fr/find-manage-contractor-spain-no-spanish/,/news/,lang-fr-article,CREATED
/fr/home-design-summer-year-round-living-spain-greece-sweden/,/news/home-design-summer-year-round-living-spain-greece-sweden/,lang-fr-article,CREATED
/fr/climate-responsive-architecture-spain-greece-sweden/,/news/climate-responsive-architecture-spain-greece-sweden/,lang-fr-article,CREATED
/fr/energy-efficient-homes-sweden-nordic-standard/,/news/energy-efficient-homes-sweden-nordic-standard/,lang-fr-article,CREATED
/fr/moving-to-spain-from-sweden-greece-housing-architecture/,/news/,lang-fr-article,CREATED
/fr/buying-home-sweden-foreigner-architecture-renovation/,/news/buying-home-sweden-foreigner-architecture-renovation/,lang-fr-article,CREATED
/fr/greek-island-architecture-renovation-guide/,/news/greek-island-architecture-renovation-guide/,lang-fr-article,CREATED
/fr/architecture-athens-neighborhoods-renovation-guide/,/news/architecture-athens-neighborhoods-renovation-guide/,lang-fr-article,CREATED
/fr/renovating-property-greece-foreign-buyer-guide/,/news/renovating-property-greece-foreign-buyer-guide/,lang-fr-article,CREATED
/fr/building-permits-madrid-licencia-obras-guide/,/news/,lang-fr-article,CREATED
/fr/sustainable-architecture-madrid-home-renovation/,/news/,lang-fr-article,CREATED
/fr/open-plan-living-madrid-apartments/,/news/,lang-fr-article,CREATED
/fr/commercial-hospitality-architecture-madrid/,/news/commercial-hospitality-architecture-madrid/,lang-fr-article,CREATED
/fr/second-home-spain-architecture-renovation-guide/,/news/second-home-spain-architecture-renovation-guide/,lang-fr-article,CREATED
/fr/scandinavian-interior-design-in-madrid-homes-why-nordic-principles-work-in-a-mediterranean-city/,/news/,lang-fr-article,CREATED
/fr/madrid-real-estate-investment-architecture-roi/,/news/,lang-fr-article,CREATED
/fr/buying-property-madrid-foreigner-renovation-guide/,/news/buying-property-madrid-foreigner-renovation-guide/,lang-fr-article,CREATED
/fr/renovating-historic-apartment-madrid/,/news/,lang-fr-article,CREATED
/fr/what-is-bim-architecture-renovation-project/,/news/,lang-fr-article,CREATED
/fr/architecture-light-design-brighter-home/,/news/architecture-light-design-brighter-home/,lang-fr-article,CREATED
/fr/add-terrace-extension-garden-room-europe-permits/,/news/add-terrace-extension-garden-room-europe-permits/,lang-fr-article,CREATED
/fr/building-pool-spain-greece-sweden-architecture/,/news/building-pool-spain-greece-sweden-architecture/,lang-fr-article,CREATED
/fr/dividing-property-two-units-spain-architecture/,/news/,lang-fr-article,CREATED
/fr/design-home-ages-well-accessibility-architecture/,/news/design-home-ages-well-accessibility-architecture/,lang-fr-article,CREATED
/fr/multi-generational-home-design-architecture/,/news/multi-generational-home-design-architecture/,lang-fr-article,CREATED
/fr/renovate-or-build-from-scratch-spain/,/news/,lang-fr-article,CREATED
/fr/working-with-architect-spain-process-guide/,/news/,lang-fr-article,CREATED
/fr/well-ap-certification/,/news/well-ap-certification/,lang-fr-article,CREATED
/fr/wolfblancs-approach-to-sustainability/,/news/wolfblancs-approach-to-sustainability/,lang-fr-article,CREATED
/fr/wolfblanc-euipo-trademark-registration/,/news/,lang-fr-article,CREATED
/fr/portfolio/a75/,/portfolio/a75/,lang-fr-portfolio,CREATED
/fr/portfolio/norrsken-office-workplace-design/,/portfolio/norrsken-office-workplace-design/,lang-fr-portfolio,CREATED
/fr/portfolio/el-pilar/,/portfolio/el-pilar/,lang-fr-portfolio,CREATED
/fr/portfolio/museum/,/portfolio/museum/,lang-fr-portfolio,CREATED
/fr/portfolio/granolita-coffee-boutique-cafe-interior-project/,/portfolio/granolita-coffee-boutique-cafe-interior-project/,lang-fr-portfolio,CREATED
/fr/portfolio/lavapies-intervention/,/portfolio/lavapies-intervention/,lang-fr-portfolio,CREATED
/fr/portfolio/urban-landscape-athens/,/portfolio/urban-landscape-athens/,lang-fr-portfolio,CREATED
/fr/portfolio/axis/,/portfolio/axis/,lang-fr-portfolio,CREATED
/fr/portfolio/calderon-stadium-urban-living/,/portfolio/calderon-stadium-urban-living/,lang-fr-portfolio,CREATED
/fr/portfolio/edificio-salamanca/,/portfolio/edificio-salamanca/,lang-fr-portfolio,CREATED
/fr/portfolio/senior-coliving/,/portfolio/senior-coliving/,lang-fr-portfolio,CREATED
/fr/portfolio/selva-boutique-luxury-design/,/portfolio/selva-boutique-luxury-design/,lang-fr-portfolio,CREATED
/fr/portfolio/market-regeneration/,/portfolio/market-regeneration/,lang-fr-portfolio,CREATED
/fr/portfolio/horizon/,/portfolio/horizon/,lang-fr-portfolio,CREATED
/fr/portfolio/bistro-dterra-cafe-restaurant-interior-design/,/portfolio/bistro-dterra-cafe-restaurant-interior-design/,lang-fr-portfolio,CREATED
/fr/portfolio/k12/,/portfolio/k12/,lang-fr-portfolio,CREATED
/fr/portfolio/boutique-apartment-v1/,/portfolio/boutique-apartment-v1/,lang-fr-portfolio,CREATED
/fr/portfolio/casa-boadilla-madrid-luxury-family-residence/,/portfolio/casa-boadilla-madrid-luxury-family-residence/,lang-fr-portfolio,CREATED
/fr/portfolio/k38/,/portfolio/k38/,lang-fr-portfolio,CREATED
/fr/portfolio/plato/,/portfolio/plato/,lang-fr-portfolio,CREATED
/fr/portfolio/why-wolfblanc/,/studio/why-wolfblanc/,lang-fr-portfolio-page,CREATED
/fr/portfolio/project-monitoring/,/studio/project-monitoring/,lang-fr-portfolio-page,CREATED
/fr/portfolio/for-investors/,/services/for-investors/,lang-fr-portfolio-page,CREATED
/fr/portfolio/for-homeowners/,/services/for-homeowners/,lang-fr-portfolio-page,CREATED
/fr/portfolio/commercial-retail/,/services/commercial-interiors-hospitality/,lang-fr-portfolio-page,CREATED
/fr/portfolio/second-homes-spain/,/services/villas-and-second-homes/,lang-fr-portfolio-page,CREATED
/fr/portfolio/guest-area/,/contact/,lang-fr-portfolio-page,CREATED
/fr/portfolio/,/portfolio/,lang-fr-portfolio-hub,CREATED
/fr/location/galicia/,/locations/galicia/,lang-fr-location,CREATED
/fr/location/thessaloniki/,/locations/thessaloniki/,lang-fr-location,CREATED
/fr/location/valencia/,/locations/valencia/,lang-fr-location,CREATED
/fr/location/stockholm/,/locations/stockholm/,lang-fr-location,CREATED
/fr/location/athens/,/locations/athens/,lang-fr-location,CREATED
/fr/location/barcelona/,/locations/barcelona/,lang-fr-location,CREATED
/fr/location/mallorca/,/locations/mallorca/,lang-fr-location,CREATED
/fr/location/madrid/,/locations/madrid/,lang-fr-location,CREATED
/fr/location/marbella/,/locations/marbella/,lang-fr-location,CREATED
/fr/location/,/locations/,lang-fr-location-hub,CREATED
/fr/services/,/services/,lang-fr-services,CREATED
